tipo_transporte,origen_nombre,destino_nombre,empresa_aerolinea,categoria_cabina,precio_min,precio_avg,precio_max,total_ofertas,ultima_fecha_vista,ruta
VUELO,COBIJA,LA PAZ,TAMep,ECONOMICA,1120.0,1120.0,1120.0,1,2026-10-10,COBIJA ➔ LA PAZ
BUS,COCHABAMBA,LA PAZ,EL DORADO,CAMA,126.0,126.0,126.0,1,2026-10-09,COCHABAMBA ➔ LA PAZ
BUS,COCHABAMBA,LA PAZ,TRANS COPACABANA S.A.,CAMA,188.0,188.0,188.0,1,2026-10-09,COCHABAMBA ➔ LA PAZ
VUELO,COCHABAMBA,LA PAZ,TAMep,ECONOMICA,392.0,392.0,392.0,1,2026-10-09,COCHABAMBA ➔ LA PAZ
BUS,COCHABAMBA,POTOSI,EL DORADO,CAMA,209.0,209.0,209.0,1,2026-10-11,COCHABAMBA ➔ POTOSI
BUS,COCHABAMBA,SANTA CRUZ,RENACER,CAMA,136.0,136.0,136.0,1,2026-10-09,COCHABAMBA ➔ SANTA CRUZ
BUS,COCHABAMBA,SANTA CRUZ,TRANS COPACABANA S.A.,CAMA,250.0,250.0,250.0,1,2026-10-09,COCHABAMBA ➔ SANTA CRUZ
VUELO,COCHABAMBA,SANTA CRUZ,TAMep,ECONOMICA,608.0,678.0,713.0,3,2026-10-11,COCHABAMBA ➔ SANTA CRUZ
BUS,COCHABAMBA,SUCRE,TRANS COPACABANA S.A.,CAMA,250.0,250.0,250.0,1,2026-10-09,COCHABAMBA ➔ SUCRE
BUS,COCHABAMBA,TARIJA,TRANS COPACABANA S.A.,CAMA,365.0,365.0,365.0,1,2026-10-09,COCHABAMBA ➔ TARIJA
VUELO,Cobija,La Paz,BOLIVIANA DE AVIACION,ECONOMICA,1052.0,1120.0,1154.0,3,2026-10-11,Cobija ➔ La Paz
VUELO,Cochabamba,La Paz,BOLIVIANA DE AVIACION,ECONOMICA,457.0,907.0,1765.0,12,2026-10-11,Cochabamba ➔ La Paz
VUELO,Cochabamba,Oruro,BOLIVIANA DE AVIACION,ECONOMICA,376.0,426.7,477.0,3,2026-10-11,Cochabamba ➔ Oruro
VUELO,Cochabamba,Santa Cruz,BOLIVIANA DE AVIACION,ECONOMICA,588.0,1023.5,1605.0,10,2026-10-11,Cochabamba ➔ Santa Cruz
VUELO,Cochabamba,Sucre,BOLIVIANA DE AVIACION,ECONOMICA,444.0,491.0,538.0,2,2026-10-09,Cochabamba ➔ Sucre
VUELO,Cochabamba,Tarija,BOLIVIANA DE AVIACION,ECONOMICA,876.0,876.0,876.0,1,2026-10-11,Cochabamba ➔ Tarija
VUELO,Cochabamba,Trinidad,BOLIVIANA DE AVIACION,ECONOMICA,596.0,596.0,596.0,2,2026-10-10,Cochabamba ➔ Trinidad
VUELO,LA PAZ,COBIJA,TAMep,ECONOMICA,1120.0,1120.0,1120.0,1,2026-10-10,LA PAZ ➔ COBIJA
BUS,LA PAZ,COCHABAMBA,EL DORADO,CAMA,150.0,150.0,150.0,3,2026-10-09,LA PAZ ➔ COCHABAMBA
BUS,LA PAZ,COCHABAMBA,TRANS COPACABANA S.A.,CAMA,188.0,194.0,200.0,2,2026-10-09,LA PAZ ➔ COCHABAMBA
BUS,LA PAZ,POTOSI,TRANS COPACABANA S.A.,CAMA,250.0,250.0,250.0,1,2026-10-09,LA PAZ ➔ POTOSI
BUS,LA PAZ,POTOSI,EL DORADO,CAMA,253.0,253.0,253.0,1,2026-10-09,LA PAZ ➔ POTOSI
VUELO,LA PAZ,SANTA CRUZ,TAMep,ECONOMICA,733.0,870.2,1118.0,4,2026-10-11,LA PAZ ➔ SANTA CRUZ
BUS,LA PAZ,SUCRE,TRANS COPACABANA S.A.,CAMA,300.0,300.0,300.0,1,2026-10-09,LA PAZ ➔ SUCRE
BUS,LA PAZ,TARIJA,ROYAL CLASS,CAMA,380.0,393.3,400.0,3,2026-10-11,LA PAZ ➔ TARIJA
BUS,LA PAZ,TARIJA,TRANS COPACABANA S.A.,CAMA,400.0,400.0,400.0,1,2026-10-09,LA PAZ ➔ TARIJA
VUELO,La Paz,Cobija,BOLIVIANA DE AVIACION,ECONOMICA,950.0,1018.0,1154.0,3,2026-10-11,La Paz ➔ Cobija
VUELO,La Paz,Cochabamba,BOLIVIANA DE AVIACION,ECONOMICA,457.0,871.9,1765.0,7,2026-10-11,La Paz ➔ Cochabamba
VUELO,La Paz,Santa Cruz,BOLIVIANA DE AVIACION,ECONOMICA,689.0,958.9,1067.0,14,2026-10-11,La Paz ➔ Santa Cruz
VUELO,La Paz,Tarija,BOLIVIANA DE AVIACION,ECONOMICA,2014.0,2014.0,2014.0,1,2026-10-11,La Paz ➔ Tarija
BUS,ORURO,COCHABAMBA,TRANS COPACABANA S.A.,CAMA,73.0,73.0,73.0,1,2026-10-09,ORURO ➔ COCHABAMBA
VUELO,Oruro,Cochabamba,BOLIVIANA DE AVIACION,ECONOMICA,376.0,376.0,376.0,2,2026-10-11,Oruro ➔ Cochabamba
VUELO,Oruro,Santa Cruz,BOLIVIANA DE AVIACION,ECONOMICA,981.0,1410.8,1814.0,8,2026-10-10,Oruro ➔ Santa Cruz
VUELO,SANTA CRUZ,COCHABAMBA,TAMep,ECONOMICA,608.0,625.5,643.0,2,2026-10-11,SANTA CRUZ ➔ COCHABAMBA
VUELO,SANTA CRUZ,LA PAZ,TAMep,ECONOMICA,843.0,1021.8,1118.0,4,2026-10-11,SANTA CRUZ ➔ LA PAZ
BUS,SANTA CRUZ,SUCRE,EL DORADO,CAMA,209.0,209.0,209.0,1,2026-10-09,SANTA CRUZ ➔ SUCRE
BUS,SANTA CRUZ,SUCRE,EL MEXICANO,CAMA,250.0,250.0,250.0,1,2026-10-09,SANTA CRUZ ➔ SUCRE
BUS,SANTA CRUZ,SUCRE,EL MEXICANO,SUITE,250.0,250.0,250.0,1,2026-10-09,SANTA CRUZ ➔ SUCRE
BUS,SANTA CRUZ,TARIJA,TRANS COPACABANA S.A.,CAMA,313.0,313.0,313.0,1,2026-10-09,SANTA CRUZ ➔ TARIJA
BUS,SANTA CRUZ,TARIJA,EL MEXICANO,SUITE,350.0,350.0,350.0,1,2026-10-09,SANTA CRUZ ➔ TARIJA
BUS,SUCRE,COCHABAMBA,TRANS COPACABANA S.A.,CAMA,192.0,192.0,192.0,1,2026-10-09,SUCRE ➔ COCHABAMBA
BUS,SUCRE,LA PAZ,EL MEXICANO,CAMA,200.0,200.0,200.0,1,2026-10-09,SUCRE ➔ LA PAZ
BUS,SUCRE,ORURO,ANDES BUS,CAMA,150.0,150.0,150.0,1,2026-10-09,SUCRE ➔ ORURO
BUS,SUCRE,SANTA CRUZ,EL MEXICANO,SUITE,250.0,275.0,300.0,2,2026-10-10,SUCRE ➔ SANTA CRUZ
BUS,SUCRE,TARIJA,EL MEXICANO,CAMA,150.0,150.0,150.0,1,2026-10-09,SUCRE ➔ TARIJA
BUS,SUCRE,TARIJA,ANDES BUS,CAMA,180.0,180.0,180.0,1,2026-10-09,SUCRE ➔ TARIJA
VUELO,Santa Cruz,Cochabamba,BOLIVIANA DE AVIACION,ECONOMICA,713.0,1079.4,1605.0,16,2026-10-11,Santa Cruz ➔ Cochabamba
VUELO,Santa Cruz,La Paz,BOLIVIANA DE AVIACION,ECONOMICA,877.0,1013.0,1067.0,14,2026-10-11,Santa Cruz ➔ La Paz
VUELO,Santa Cruz,Oruro,BOLIVIANA DE AVIACION,ECONOMICA,1190.0,1190.0,1190.0,2,2026-10-11,Santa Cruz ➔ Oruro
VUELO,Santa Cruz,Sucre,BOLIVIANA DE AVIACION,ECONOMICA,713.0,713.0,713.0,1,2026-10-09,Santa Cruz ➔ Sucre
VUELO,Santa Cruz,Tarija,BOLIVIANA DE AVIACION,ECONOMICA,963.0,963.0,963.0,1,2026-10-11,Santa Cruz ➔ Tarija
VUELO,Sucre,Cochabamba,BOLIVIANA DE AVIACION,ECONOMICA,444.0,491.0,538.0,4,2026-10-11,Sucre ➔ Cochabamba
VUELO,Sucre,La Paz,BOLIVIANA DE AVIACION,ECONOMICA,788.0,1303.9,2083.0,9,2026-10-10,Sucre ➔ La Paz
VUELO,Sucre,Santa Cruz,BOLIVIANA DE AVIACION,ECONOMICA,713.0,713.0,713.0,1,2026-10-10,Sucre ➔ Santa Cruz
VUELO,Sucre,Tarija,BOLIVIANA DE AVIACION,ECONOMICA,1320.0,1367.0,1414.0,2,2026-10-11,Sucre ➔ Tarija
BUS,TARIJA,COCHABAMBA,TRANS COPACABANA S.A.,CAMA,365.0,365.0,365.0,2,2026-10-10,TARIJA ➔ COCHABAMBA
BUS,TARIJA,LA PAZ,ROYAL CLASS,CAMA,350.0,416.7,450.0,3,2026-10-11,TARIJA ➔ LA PAZ
BUS,TARIJA,LA PAZ,TRANS COPACABANA S.A.,CAMA,363.0,363.0,363.0,2,2026-10-10,TARIJA ➔ LA PAZ
BUS,TARIJA,SANTA CRUZ,TRANS COPACABANA S.A.,CAMA,313.0,313.0,313.0,1,2026-10-09,TARIJA ➔ SANTA CRUZ
BUS,TARIJA,SANTA CRUZ,EL MEXICANO,SUITE,350.0,350.0,350.0,3,2026-10-11,TARIJA ➔ SANTA CRUZ
BUS,TARIJA,SUCRE,ANDES BUS,CAMA,180.0,180.0,180.0,1,2026-10-09,TARIJA ➔ SUCRE
VUELO,Tarija,Cochabamba,BOLIVIANA DE AVIACION,ECONOMICA,876.0,876.0,876.0,2,2026-10-11,Tarija ➔ Cochabamba
VUELO,Tarija,Sucre,BOLIVIANA DE AVIACION,ECONOMICA,1320.0,1320.0,1320.0,1,2026-10-09,Tarija ➔ Sucre
VUELO,Trinidad,Cochabamba,BOLIVIANA DE AVIACION,ECONOMICA,596.0,596.0,596.0,2,2026-10-11,Trinidad ➔ Cochabamba
VUELO,Trinidad,La Paz,BOLIVIANA DE AVIACION,ECONOMICA,905.0,1286.7,1787.0,6,2026-10-10,Trinidad ➔ La Paz
VUELO,Trinidad,Santa Cruz,BOLIVIANA DE AVIACION,ECONOMICA,829.0,1585.2,2044.0,8,2026-10-10,Trinidad ➔ Santa Cruz
BUS,YACUIBA,SANTA CRUZ,LA QUERIDA,CAMA,188.0,188.0,188.0,2,2026-10-09,YACUIBA ➔ SANTA CRUZ
