fecha_consulta,tipo_transporte,fecha_salida,origen_codigo,origen_nombre,destino_codigo,destino_nombre,empresa_aerolinea,codigo_empresa,numero_vuelo_bus,fecha_hora_salida,fecha_hora_llegada,categoria_cabina,detalles_vehiculo,escalas_duracion,es_escala,numero_escalas,precio_bob,precio_max_bob,precio_minimo_bob
2026-09-28 00:04:26,BUS,2026-09-28,COCHABAMBA,COCHABAMBA,ORURO,ORURO,NASER,183,5318 APB,2026-09-28 04:30,2026-09-28 09:30,SEMI CAMA,SEMI CAMA LEITO 60 II,Directo (5h 0m),False,0,0.0,0.0,0.0
2026-09-28 00:04:26,BUS,2026-09-28,COCHABAMBA,COCHABAMBA,ORURO,ORURO,NASER,183,3074-IBL,2026-09-28 05:00,2026-09-28 10:00,SEMI CAMA,SEMI CAMA LEITO 60,Directo (5h 0m),False,0,0.0,0.0,0.0
2026-09-28 00:04:26,BUS,2026-09-28,COCHABAMBA,COCHABAMBA,LA PAZ,LA PAZ,EL DORADO,103,000,2026-09-28 07:30,2026-09-28 14:30,CAMA,CAMA 3 FILAS 40,Directo (7h 0m),False,0,0.0,0.0,0.0
2026-09-28 00:04:26,BUS,2026-09-28,COCHABAMBA,COCHABAMBA,LA PAZ,LA PAZ,BOLIVIA,113,000,2026-09-28 08:30,2026-09-28 16:00,CAMA,CAMA 40,Directo (7h 30m),False,0,0.0,0.0,0.0
2026-09-28 00:04:26,BUS,2026-09-28,COCHABAMBA,COCHABAMBA,LA PAZ,LA PAZ,EL DORADO,103,000,2026-09-28 09:30,2026-09-28 16:30,CAMA,CAMA 3 FILAS 40,Directo (7h 0m),False,0,0.0,0.0,0.0
2026-09-28 00:04:26,BUS,2026-09-28,COCHABAMBA,COCHABAMBA,LA PAZ,LA PAZ,BOLIVIA,113,000,2026-09-28 10:30,2026-09-28 18:00,CAMA,CAMA 40,Directo (7h 30m),False,0,0.0,0.0,0.0
2026-09-28 00:04:26,BUS,2026-09-28,COCHABAMBA,COCHABAMBA,LA PAZ,LA PAZ,EL DORADO,103,000,2026-09-28 10:30,2026-09-28 17:30,CAMA,CAMA 3 FILAS 40,Directo (7h 0m),False,0,0.0,0.0,0.0
2026-09-28 00:04:26,BUS,2026-09-28,COCHABAMBA,COCHABAMBA,LA PAZ,LA PAZ,EL DORADO,103,000,2026-09-28 12:00,2026-09-28 19:00,CAMA,CAMA 3 FILAS 40,Directo (7h 0m),False,0,0.0,0.0,0.0
2026-09-28 00:04:26,BUS,2026-09-28,COCHABAMBA,COCHABAMBA,LA PAZ,LA PAZ,BOLIVIA,113,000,2026-09-28 13:30,2026-09-28 21:00,CAMA,CAMA 40,Directo (7h 30m),False,0,0.0,0.0,0.0
2026-09-28 00:04:26,BUS,2026-09-28,COCHABAMBA,COCHABAMBA,LA PAZ,LA PAZ,EL DORADO,103,000,2026-09-28 15:00,2026-09-28 22:00,CAMA,CAMA 3 FILAS 40,Directo (7h 0m),False,0,0.0,0.0,0.0
2026-09-28 00:04:26,BUS,2026-09-28,COCHABAMBA,COCHABAMBA,LA PAZ,LA PAZ,BOLIVIA,113,000,2026-09-28 16:30,2026-09-29 00:00,CAMA,CAMA 40,Directo (7h 30m),False,0,0.0,0.0,0.0
2026-09-28 00:04:26,BUS,2026-09-28,COCHABAMBA,COCHABAMBA,LA PAZ,LA PAZ,EL DORADO,103,000,2026-09-28 17:00,2026-09-29 00:00,CAMA,CAMA 3 FILAS 40,Directo (7h 0m),False,0,0.0,0.0,0.0
2026-09-28 00:04:26,BUS,2026-09-28,COCHABAMBA,COCHABAMBA,TARIJA,TARIJA,TRANS COPACABANA S.A.,110,152,2026-09-28 17:00,2026-09-29 08:00,CAMA,CAMA TV 43,Directo (15h 0m),False,0,0.0,0.0,0.0
2026-09-28 00:04:26,BUS,2026-09-28,COCHABAMBA,COCHABAMBA,SANTA CRUZ,SANTA CRUZ,TRANS COPACABANA S.A.,110,152,2026-09-28 19:00,2026-09-29 05:00,CAMA,CAMA TV 43,Directo (10h 0m),False,0,0.0,0.0,0.0
2026-09-28 00:04:26,BUS,2026-09-28,COCHABAMBA,COCHABAMBA,SANTA CRUZ,SANTA CRUZ,TRANS COPACABANA S.A.,110,152,2026-09-28 20:00,2026-09-29 06:00,CAMA,CAMA TV 43,Directo (10h 0m),False,0,0.0,0.0,0.0
2026-09-28 00:04:26,BUS,2026-09-28,COCHABAMBA,COCHABAMBA,SANTA CRUZ,SANTA CRUZ,EL DORADO,103,000,2026-09-28 20:00,2026-09-29 08:00,CAMA,CAMA 3 FILAS 40,Directo (12h 0m),False,0,0.0,0.0,0.0
2026-09-28 00:04:26,BUS,2026-09-28,COCHABAMBA,COCHABAMBA,LA PAZ,LA PAZ,EL DORADO,103,000,2026-09-28 20:30,2026-09-29 03:30,CAMA,CAMA 3 FILAS 40,Directo (7h 0m),False,0,0.0,0.0,0.0
2026-09-28 00:04:26,BUS,2026-09-28,COCHABAMBA,COCHABAMBA,POTOSI,POTOSI,EL DORADO,103,000,2026-09-28 21:00,2026-09-29 09:30,CAMA,CAMA 3 FILAS 40,Directo (12h 30m),False,0,0.0,0.0,0.0
2026-09-28 00:04:26,BUS,2026-09-28,COCHABAMBA,COCHABAMBA,POTOSI,POTOSI,TRANS COPACABANA S.A.,110,133,2026-09-28 21:00,2026-09-29 07:00,CAMA,CAMA DD 43,Directo (10h 0m),False,0,0.0,0.0,0.0
2026-09-28 00:04:26,BUS,2026-09-28,COCHABAMBA,COCHABAMBA,SANTA CRUZ,SANTA CRUZ,TRANS COPACABANA S.A.,110,152,2026-09-28 21:00,2026-09-29 07:00,CAMA,CAMA TV 43,Directo (10h 0m),False,0,0.0,0.0,0.0
2026-09-28 00:04:26,BUS,2026-09-28,COCHABAMBA,COCHABAMBA,SUCRE,SUCRE,EL DORADO,103,000,2026-09-28 21:00,2026-09-29 07:00,CAMA,CAMA 3 FILAS 40,Directo (10h 0m),False,0,0.0,0.0,0.0
2026-09-28 00:04:26,BUS,2026-09-28,COCHABAMBA,COCHABAMBA,LA PAZ,LA PAZ,EL DORADO,103,000,2026-09-28 21:30,2026-09-29 04:30,CAMA,CAMA 3 FILAS 40,Directo (7h 0m),False,0,0.0,0.0,0.0
2026-09-28 00:04:26,BUS,2026-09-28,COCHABAMBA,COCHABAMBA,LA PAZ,LA PAZ,TRANS COPACABANA S.A.,110,132,2026-09-28 21:30,2026-09-29 05:30,CAMA,CAMA D - PISO 43,Directo (8h 0m),False,0,0.0,0.0,0.0
2026-09-28 00:04:26,BUS,2026-09-28,COCHABAMBA,COCHABAMBA,LA PAZ,LA PAZ,BOLIVIA,113,000,2026-09-28 21:30,2026-09-29 05:00,CAMA,CAMA 40,Directo (7h 30m),False,0,0.0,0.0,0.0
2026-09-28 00:04:26,BUS,2026-09-28,COCHABAMBA,COCHABAMBA,SUCRE,SUCRE,TRANS COPACABANA S.A.,110,160,2026-09-28 21:30,2026-09-29 04:30,CAMA,CAMA TV 43,Directo (7h 0m),False,0,0.0,0.0,0.0
2026-09-28 00:04:26,BUS,2026-09-28,COCHABAMBA,COCHABAMBA,LA PAZ,LA PAZ,TRANS COPACABANA S.A.,110,132,2026-09-28 22:00,2026-09-29 06:00,CAMA,CAMA D - PISO 43,Directo (8h 0m),False,0,0.0,0.0,0.0
2026-09-28 00:04:26,BUS,2026-09-28,COCHABAMBA,COCHABAMBA,LA PAZ,LA PAZ,BOLIVIA,113,000,2026-09-28 22:00,2026-09-29 05:30,CAMA,CAMA 40,Directo (7h 30m),False,0,0.0,0.0,0.0
2026-09-28 00:04:26,BUS,2026-09-28,COCHABAMBA,COCHABAMBA,LA PAZ,LA PAZ,EL DORADO,103,000,2026-09-28 22:00,2026-09-29 05:00,CAMA,CAMA 3 FILAS 40,Directo (7h 0m),False,0,0.0,0.0,0.0
2026-09-28 00:04:26,BUS,2026-09-28,COCHABAMBA,COCHABAMBA,LA PAZ,LA PAZ,EL DORADO,103,000,2026-09-28 22:30,2026-09-29 05:30,CAMA,CAMA 3 FILAS 40,Directo (7h 0m),False,0,0.0,0.0,0.0
2026-09-28 00:04:26,BUS,2026-09-28,COCHABAMBA,COCHABAMBA,LA PAZ,LA PAZ,TRANS COPACABANA S.A.,110,132,2026-09-28 22:30,2026-09-29 06:30,CAMA,CAMA D - PISO 43,Directo (8h 0m),False,0,0.0,0.0,0.0
2026-09-28 00:04:26,BUS,2026-09-28,COCHABAMBA,COCHABAMBA,LA PAZ,LA PAZ,BOLIVIA,113,000,2026-09-28 22:45,2026-09-29 06:15,CAMA,CAMA 40,Directo (7h 30m),False,0,0.0,0.0,0.0
2026-09-28 00:04:26,BUS,2026-09-28,COCHABAMBA,COCHABAMBA,LA PAZ,LA PAZ,EL DORADO,103,NSH,2026-09-28 22:45,2026-09-29 05:45,SUITE,SUITE Y CAMA 30,Directo (7h 0m),False,0,0.0,0.0,0.0
2026-09-28 00:04:26,BUS,2026-09-28,COCHABAMBA,COCHABAMBA,LA PAZ,LA PAZ,EL DORADO,103,000,2026-09-28 23:00,2026-09-29 06:00,CAMA,CAMA 3 FILAS 40,Directo (7h 0m),False,0,0.0,0.0,0.0
2026-09-28 00:04:26,BUS,2026-09-28,LA PAZ,LA PAZ,ORURO,ORURO,NASER,183,3076-PLX,2026-09-28 04:30,2026-09-28 08:00,SEMI CAMA,SEMI CAMA60,Directo (3h 30m),False,0,0.0,0.0,0.0
2026-09-28 00:04:26,BUS,2026-09-28,LA PAZ,LA PAZ,ORURO,ORURO,NASER,183,6022 PYK,2026-09-28 05:30,2026-09-28 09:00,CAMA,CAMA LEITO 46,Directo (3h 30m),False,0,0.0,0.0,0.0
2026-09-28 00:04:26,BUS,2026-09-28,LA PAZ,LA PAZ,ORURO,ORURO,NASER,183,3076 PIN,2026-09-28 06:00,2026-09-28 09:30,SEMI CAMA,SEMI CAMA LEITO 61,Directo (3h 30m),False,0,0.0,0.0,0.0
2026-09-28 00:04:26,BUS,2026-09-28,LA PAZ,LA PAZ,COCHABAMBA,COCHABAMBA,TRANS COPACABANA S.A.,110,133,2026-09-28 07:30,2026-09-28 15:30,CAMA,CAMA DD 43,Directo (8h 0m),False,0,0.0,0.0,0.0
2026-09-28 00:04:26,BUS,2026-09-28,LA PAZ,LA PAZ,ORURO,ORURO,NASER,183,3817-TDS,2026-09-28 07:30,2026-09-28 11:00,SEMI CAMA,SEMI CAMA LEITO 60,Directo (3h 30m),False,0,0.0,0.0,0.0
2026-09-28 00:04:26,BUS,2026-09-28,LA PAZ,LA PAZ,COCHABAMBA,COCHABAMBA,EL DORADO,103,FXX,2026-09-28 08:30,2026-09-28 15:30,CAMA,CAMA 3 FILAS 40,Directo (7h 0m),False,0,0.0,0.0,0.0
2026-09-28 00:04:26,BUS,2026-09-28,LA PAZ,LA PAZ,COCHABAMBA,COCHABAMBA,EL DORADO,103,000,2026-09-28 09:00,2026-09-28 16:00,CAMA,CAMA 3 FILAS 40,Directo (7h 0m),False,0,0.0,0.0,0.0
2026-09-28 00:04:26,BUS,2026-09-28,LA PAZ,LA PAZ,COCHABAMBA,COCHABAMBA,EL DORADO,103,000,2026-09-28 10:30,2026-09-28 17:30,CAMA,CAMA 3 FILAS 40,Directo (7h 0m),False,0,0.0,0.0,0.0
2026-09-28 00:04:26,BUS,2026-09-28,LA PAZ,LA PAZ,COCHABAMBA,COCHABAMBA,EL DORADO,103,000,2026-09-28 11:00,2026-09-28 18:00,CAMA,CAMA 3 FILAS 40,Directo (7h 0m),False,0,0.0,0.0,0.0
2026-09-28 00:04:26,BUS,2026-09-28,LA PAZ,LA PAZ,COCHABAMBA,COCHABAMBA,TRANS COPACABANA S.A.,110,131,2026-09-28 11:30,2026-09-28 19:30,CAMA,CAMA D - PISO 43,Directo (8h 0m),False,0,0.0,0.0,0.0
2026-09-28 00:04:26,BUS,2026-09-28,LA PAZ,LA PAZ,COCHABAMBA,COCHABAMBA,EL DORADO,103,000,2026-09-28 12:30,2026-09-28 19:30,CAMA,CAMA 3 FILAS 40,Directo (7h 0m),False,0,0.0,0.0,0.0
2026-09-28 00:04:26,BUS,2026-09-28,LA PAZ,LA PAZ,SANTA CRUZ,SANTA CRUZ,EL DORADO,103,000,2026-09-28 12:30,2026-09-29 05:30,CAMA,CAMA 3 FILAS 40,Directo (17h 0m),False,0,0.0,0.0,0.0
2026-09-28 00:04:26,BUS,2026-09-28,LA PAZ,LA PAZ,COCHABAMBA,COCHABAMBA,EL DORADO,103,000,2026-09-28 13:00,2026-09-28 20:00,CAMA,CAMA 3 FILAS 40,Directo (7h 0m),False,0,0.0,0.0,0.0
2026-09-28 00:04:26,BUS,2026-09-28,LA PAZ,LA PAZ,COCHABAMBA,COCHABAMBA,EL DORADO,103,000,2026-09-28 14:00,2026-09-28 21:00,CAMA,CAMA 3 FILAS 40,Directo (7h 0m),False,0,0.0,0.0,0.0
2026-09-28 00:04:26,BUS,2026-09-28,LA PAZ,LA PAZ,SANTA CRUZ,SANTA CRUZ,TRANS COPACABANA S.A.,110,142,2026-09-28 14:00,2026-09-29 07:00,CAMA,CAMA TV 43,Directo (17h 0m),False,0,0.0,0.0,0.0
2026-09-28 00:04:26,BUS,2026-09-28,LA PAZ,LA PAZ,COCHABAMBA,COCHABAMBA,EL DORADO,103,000,2026-09-28 15:30,2026-09-28 22:30,CAMA,CAMA 3 FILAS 40,Directo (7h 0m),False,0,0.0,0.0,0.0
2026-09-28 00:04:26,BUS,2026-09-28,LA PAZ,LA PAZ,COCHABAMBA,COCHABAMBA,TRANS COPACABANA S.A.,110,118,2026-09-28 16:00,2026-09-29 00:00,CAMA,CAMA DD - PISO  43,Directo (8h 0m),False,0,0.0,0.0,0.0
2026-09-28 00:04:26,BUS,2026-09-28,LA PAZ,LA PAZ,SANTA CRUZ,SANTA CRUZ,TRANS COPACABANA S.A.,110,148,2026-09-28 16:30,2026-09-29 09:30,CAMA,CAMA TV 43,Directo (17h 0m),False,0,0.0,0.0,0.0
2026-09-28 00:04:26,BUS,2026-09-28,LA PAZ,LA PAZ,COCHABAMBA,COCHABAMBA,EL DORADO,103,000,2026-09-28 17:00,2026-09-29 00:00,CAMA,CAMA 3 FILAS 40,Directo (7h 0m),False,0,0.0,0.0,0.0
2026-09-28 00:04:26,BUS,2026-09-28,LA PAZ,LA PAZ,SANTA CRUZ,SANTA CRUZ,EL DORADO,103,000,2026-09-28 17:00,2026-09-29 10:00,CAMA,CAMA 3 FILAS 40,Directo (17h 0m),False,0,0.0,0.0,0.0
2026-09-28 00:04:26,BUS,2026-09-28,LA PAZ,LA PAZ,SANTA CRUZ,SANTA CRUZ,TRANS COPACABANA S.A.,110,155,2026-09-28 17:30,2026-09-29 10:30,CAMA,CAMA TV 43,Directo (17h 0m),False,0,0.0,0.0,0.0
2026-09-28 00:04:26,BUS,2026-09-28,LA PAZ,LA PAZ,TARIJA,TARIJA,TRANS COPACABANA S.A.,110,174,2026-09-28 18:30,2026-09-29 11:30,CAMA,CAMA TV 43,Directo (17h 0m),False,0,400.0,400.0,363.0
2026-09-28 00:04:26,BUS,2026-09-28,LA PAZ,LA PAZ,COCHABAMBA,COCHABAMBA,EL DORADO,103,000,2026-09-28 19:00,2026-09-29 02:00,CAMA,CAMA 3 FILAS 40,Directo (7h 0m),False,0,0.0,0.0,0.0
2026-09-28 00:04:26,BUS,2026-09-28,LA PAZ,LA PAZ,SANTA CRUZ,SANTA CRUZ,TRANS COPACABANA S.A.,110,155,2026-09-28 19:00,2026-09-29 12:00,CAMA,CAMA TV 43,Directo (17h 0m),False,0,0.0,0.0,0.0
2026-09-28 00:04:26,BUS,2026-09-28,LA PAZ,LA PAZ,SUCRE,SUCRE,ILLIMANI,179,5676TZL,2026-09-28 19:00,2026-09-29 04:22,CAMA,CAMA 32 3F,Directo (9h 22m),False,0,0.0,0.0,0.0
2026-09-28 00:04:26,BUS,2026-09-28,LA PAZ,LA PAZ,TARIJA,TARIJA,ROYAL CLASS,144,5310UIG,2026-09-28 19:00,2026-09-29 10:00,CAMA,SUITE - CAMA,Directo (15h 0m),False,0,430.0,450.0,300.0
2026-09-28 00:04:26,BUS,2026-09-28,LA PAZ,LA PAZ,SANTA CRUZ,SANTA CRUZ,EL DORADO,103,000,2026-09-28 19:30,2026-09-29 12:30,CAMA,CAMA 3 FILAS 40,Directo (17h 0m),False,0,0.0,0.0,0.0
2026-09-28 00:04:26,BUS,2026-09-28,LA PAZ,LA PAZ,SUCRE,SUCRE,EL DORADO,103,NSH,2026-09-28 19:30,2026-09-29 07:30,SUITE,SUITE Y CAMA 30,Directo (12h 0m),False,0,353.0,353.0,350.0
2026-09-28 00:04:26,BUS,2026-09-28,LA PAZ,LA PAZ,SUCRE,SUCRE,TRANS COPACABANA S.A.,110,129,2026-09-28 19:30,2026-09-29 07:30,CAMA,CAMA D - PISO 43,Directo (12h 0m),False,0,0.0,0.0,0.0
2026-09-28 00:04:26,BUS,2026-09-28,LA PAZ,LA PAZ,COCHABAMBA,COCHABAMBA,TRANS COPACABANA S.A.,110,124,2026-09-28 20:30,2026-09-29 04:30,CAMA,CAMA DD - PISO  43,Directo (8h 0m),False,0,0.0,0.0,0.0
2026-09-28 00:04:26,BUS,2026-09-28,LA PAZ,LA PAZ,COCHABAMBA,COCHABAMBA,EL DORADO,103,000,2026-09-28 20:30,2026-09-29 03:30,CAMA,CAMA 3 FILAS 40,Directo (7h 0m),False,0,0.0,0.0,0.0
2026-09-28 00:04:26,BUS,2026-09-28,LA PAZ,LA PAZ,COCHABAMBA,COCHABAMBA,EL DORADO,103,000,2026-09-28 21:00,2026-09-29 04:00,CAMA,CAMA 3 FILAS 40,Directo (7h 0m),False,0,0.0,0.0,0.0
2026-09-28 00:04:26,BUS,2026-09-28,LA PAZ,LA PAZ,POTOSI,POTOSI,TRANS COPACABANA S.A.,110,130,2026-09-28 21:00,2026-09-29 06:00,CAMA,CAMA D - PISO 43,Directo (9h 0m),False,0,0.0,0.0,0.0
2026-09-28 00:04:26,BUS,2026-09-28,LA PAZ,LA PAZ,COCHABAMBA,COCHABAMBA,TRANS COPACABANA S.A.,110,125,2026-09-28 21:30,2026-09-29 05:30,CAMA,CAMA DD - PISO  43,Directo (8h 0m),False,0,0.0,0.0,0.0
2026-09-28 00:04:26,BUS,2026-09-28,LA PAZ,LA PAZ,COCHABAMBA,COCHABAMBA,EL DORADO,103,000,2026-09-28 21:30,2026-09-29 04:30,CAMA,CAMA 3 FILAS 40,Directo (7h 0m),False,0,0.0,0.0,0.0
2026-09-28 00:04:26,BUS,2026-09-28,LA PAZ,LA PAZ,POTOSI,POTOSI,EL DORADO,103,000,2026-09-28 21:30,2026-09-29 06:30,CAMA,CAMA 3 FILAS 40,Directo (9h 0m),False,0,0.0,0.0,0.0
2026-09-28 00:04:26,BUS,2026-09-28,LA PAZ,LA PAZ,COCHABAMBA,COCHABAMBA,TRANS COPACABANA S.A.,110,128,2026-09-28 22:00,2026-09-29 06:00,CAMA,CAMA D - PISO 43,Directo (8h 0m),False,0,0.0,0.0,0.0
2026-09-28 00:04:26,BUS,2026-09-28,LA PAZ,LA PAZ,COCHABAMBA,COCHABAMBA,EL DORADO,103,000,2026-09-28 22:00,2026-09-29 05:00,CAMA,CAMA 3 FILAS 40,Directo (7h 0m),False,0,0.0,0.0,0.0
2026-09-28 00:04:26,BUS,2026-09-28,LA PAZ,LA PAZ,COCHABAMBA,COCHABAMBA,TRANS COPACABANA S.A.,110,170,2026-09-28 22:30,2026-09-29 06:30,CAMA,CAMA TV 46,Directo (8h 0m),False,0,0.0,0.0,0.0
2026-09-28 00:04:26,BUS,2026-09-28,LA PAZ,LA PAZ,COCHABAMBA,COCHABAMBA,EL DORADO,103,000,2026-09-28 22:30,2026-09-29 05:30,CAMA,CAMA 3 FILAS 40,Directo (7h 0m),False,0,0.0,0.0,0.0
2026-09-28 00:04:26,BUS,2026-09-28,LA PAZ,LA PAZ,COCHABAMBA,COCHABAMBA,TRANS COPACABANA S.A.,110,136,2026-09-28 23:00,2026-09-29 07:00,CAMA,CAMA DD 43,Directo (8h 0m),False,0,0.0,0.0,0.0
2026-09-28 00:04:26,BUS,2026-09-28,LA PAZ,LA PAZ,COCHABAMBA,COCHABAMBA,EL DORADO,103,000,2026-09-28 23:00,2026-09-29 06:00,CAMA,CAMA 3 FILAS 40,Directo (7h 0m),False,0,0.0,0.0,0.0
2026-09-28 00:04:26,BUS,2026-09-28,ORURO,ORURO,COCHABAMBA,COCHABAMBA,NASER,183,6022 PZP,2026-09-28 03:30,2026-09-28 08:30,CAMA,CAMA LEITO 46,Directo (5h 0m),False,0,0.0,0.0,0.0
2026-09-28 00:04:26,BUS,2026-09-28,ORURO,ORURO,LA PAZ,LA PAZ,NASER,183,5318 ALS,2026-09-28 03:30,2026-09-28 07:00,CAMA,CAMA LEITO 43,Directo (3h 30m),False,0,0.0,0.0,0.0
2026-09-28 00:04:26,BUS,2026-09-28,ORURO,ORURO,COCHABAMBA,COCHABAMBA,NASER,183,5318 ARE,2026-09-28 04:00,2026-09-28 09:00,SEMI CAMA,SEMI CAMA LEITO 60 II,Directo (5h 0m),False,0,0.0,0.0,0.0
2026-09-28 00:04:26,BUS,2026-09-28,ORURO,ORURO,LA PAZ,LA PAZ,NASER,183,2432 LSP,2026-09-28 05:00,2026-09-28 08:30,SEMI CAMA,SEMI CAMA 62,Directo (3h 30m),False,0,0.0,0.0,0.0
2026-09-28 00:04:26,BUS,2026-09-28,ORURO,ORURO,COCHABAMBA,COCHABAMBA,NASER,183,3817 TIL,2026-09-28 05:30,2026-09-28 10:30,SEMI CAMA,SEMI CAMA LEITO 60,Directo (5h 0m),False,0,0.0,0.0,0.0
2026-09-28 00:04:26,BUS,2026-09-28,ORURO,ORURO,LA PAZ,LA PAZ,NASER,183,5015 NSH,2026-09-28 05:30,2026-09-28 09:00,SEMI CAMA,SEMI CAMA LEITO 60 II,Directo (3h 30m),False,0,0.0,0.0,0.0
2026-09-28 00:04:26,BUS,2026-09-28,ORURO,ORURO,LA PAZ,LA PAZ,NASER,183,3817 TEX,2026-09-28 06:00,2026-09-28 09:30,SEMI CAMA,SEMI CAMA LEITO 60,Directo (3h 30m),False,0,0.0,0.0,0.0
2026-09-28 00:04:26,BUS,2026-09-28,ORURO,ORURO,COCHABAMBA,COCHABAMBA,TRANS COPACABANA S.A.,110,112,2026-09-28 08:30,2026-09-28 13:30,CAMA,CAMA DD - PISO  43,Directo (5h 0m),False,0,0.0,0.0,0.0
2026-09-28 00:04:26,BUS,2026-09-28,ORURO,ORURO,COCHABAMBA,COCHABAMBA,TRANS COPACABANA S.A.,110,146,2026-09-28 10:00,2026-09-28 15:00,CAMA,CAMA TV 43,Directo (5h 0m),False,0,0.0,0.0,0.0
2026-09-28 00:04:26,BUS,2026-09-28,ORURO,ORURO,LA PAZ,LA PAZ,NASER,183,3817 TFB,2026-09-28 10:30,2026-09-28 14:00,SEMI CAMA,SEMI CAMA LEITO 60,Directo (3h 30m),False,0,0.0,0.0,0.0
2026-09-28 00:04:26,BUS,2026-09-28,ORURO,ORURO,LA PAZ,LA PAZ,NASER,183,5318 ASH,2026-09-28 11:30,2026-09-28 15:00,SEMI CAMA,SEMI CAMA LEITO 60 II,Directo (3h 30m),False,0,0.0,0.0,0.0
2026-09-28 00:04:26,BUS,2026-09-28,ORURO,ORURO,LA PAZ,LA PAZ,NASER,183,6022 PYK,2026-09-28 12:00,2026-09-28 15:30,CAMA,CAMA LEITO 46,Directo (3h 30m),False,0,0.0,0.0,0.0
2026-09-28 00:04:26,BUS,2026-09-28,ORURO,ORURO,COCHABAMBA,COCHABAMBA,TRANS COPACABANA S.A.,110,112,2026-09-28 16:00,2026-09-28 21:00,CAMA,CAMA DD - PISO  43,Directo (5h 0m),False,0,0.0,0.0,0.0
2026-09-28 00:04:26,BUS,2026-09-28,ORURO,ORURO,COCHABAMBA,COCHABAMBA,TRANS COPACABANA S.A.,110,114,2026-09-28 16:00,2026-09-28 21:00,CAMA,CAMA DD - PISO  43,Directo (5h 0m),False,0,0.0,0.0,0.0
2026-09-28 00:04:26,BUS,2026-09-28,ORURO,ORURO,COCHABAMBA,COCHABAMBA,TRANS COPACABANA S.A.,110,114,2026-09-28 19:00,2026-09-29 00:00,CAMA,CAMA DD - PISO  43,Directo (5h 0m),False,0,0.0,0.0,0.0
2026-09-28 00:04:26,BUS,2026-09-28,POTOSI,POTOSI,COCHABAMBA,COCHABAMBA,TRANS COPACABANA S.A.,110,137,2026-09-28 21:30,2026-09-29 07:30,CAMA,CAMA TV 43,Directo (10h 0m),False,0,0.0,0.0,0.0
2026-09-28 00:04:26,BUS,2026-09-28,POTOSI,POTOSI,LA PAZ,LA PAZ,TRANS COPACABANA S.A.,110,154,2026-09-28 22:00,2026-09-29 07:00,CAMA,CAMA TV 43,Directo (9h 0m),False,0,0.0,0.0,0.0
2026-09-28 00:04:26,BUS,2026-09-28,SANTA CRUZ,SANTA CRUZ,COCHABAMBA,COCHABAMBA,RENACER,105,45,2026-09-28 06:30,2026-09-28 16:30,CAMA,CAMA 3 FILAS 1,Directo (10h 0m),False,0,0.0,0.0,0.0
2026-09-28 00:04:26,BUS,2026-09-28,SANTA CRUZ,SANTA CRUZ,COCHABAMBA,COCHABAMBA,RENACER,105,67,2026-09-28 07:30,2026-09-28 17:30,CAMA,CAMA 3 FILAS 41,Directo (10h 0m),False,0,0.0,0.0,0.0
2026-09-28 00:04:26,BUS,2026-09-28,SANTA CRUZ,SANTA CRUZ,COCHABAMBA,COCHABAMBA,TRANS COPACABANA S.A.,110,145,2026-09-28 08:30,2026-09-28 18:30,CAMA,CAMA TV 43,Directo (10h 0m),False,0,0.0,0.0,0.0
2026-09-28 00:04:26,BUS,2026-09-28,SANTA CRUZ,SANTA CRUZ,LA PAZ,LA PAZ,EL DORADO,103,UYB,2026-09-28 11:30,2026-09-29 04:30,CAMA,CAMPREM3F46VOLVO2025,Directo (17h 0m),False,0,397.0,430.0,350.0
2026-09-28 00:04:26,BUS,2026-09-28,SANTA CRUZ,SANTA CRUZ,LA PAZ,LA PAZ,TRANS COPACABANA S.A.,110,155,2026-09-28 14:00,2026-09-29 07:00,CAMA,CAMA TV 43,Directo (17h 0m),False,0,0.0,0.0,0.0
2026-09-28 00:04:26,BUS,2026-09-28,SANTA CRUZ,SANTA CRUZ,LA PAZ,LA PAZ,TRANS COPACABANA S.A.,110,155,2026-09-28 16:30,2026-09-29 09:30,CAMA,CAMA TV 43,Directo (17h 0m),False,0,0.0,0.0,0.0
2026-09-28 00:04:26,BUS,2026-09-28,SANTA CRUZ,SANTA CRUZ,LA PAZ,LA PAZ,TRANS COPACABANA S.A.,110,155,2026-09-28 17:30,2026-09-29 10:30,CAMA,CAMA TV 43,Directo (17h 0m),False,0,0.0,0.0,0.0
2026-09-28 00:04:26,BUS,2026-09-28,SANTA CRUZ,SANTA CRUZ,COCHABAMBA,COCHABAMBA,TRANS COPACABANA S.A.,110,127,2026-09-28 19:00,2026-09-29 05:00,CAMA,CAMA D - PISO 43,Directo (10h 0m),False,0,0.0,0.0,0.0
2026-09-28 00:04:26,BUS,2026-09-28,SANTA CRUZ,SANTA CRUZ,TARIJA,TARIJA,TRANS COPACABANA S.A.,110,163,2026-09-28 19:00,2026-09-29 07:00,CAMA,CAMA TV 43,Directo (12h 0m),False,0,0.0,0.0,0.0
2026-09-28 00:04:26,BUS,2026-09-28,SANTA CRUZ,SANTA CRUZ,LA PAZ,LA PAZ,EL DORADO,103,ECS,2026-09-28 19:30,2026-09-29 12:30,CAMA,CAMA 3F 46 VOLVO 2019,Directo (17h 0m),False,0,397.0,430.0,350.0
2026-09-28 00:04:26,BUS,2026-09-28,SANTA CRUZ,SANTA CRUZ,LA PAZ,LA PAZ,TRANS COPACABANA S.A.,110,155,2026-09-28 19:30,2026-09-29 12:30,CAMA,CAMA TV 43,Directo (17h 0m),False,0,0.0,0.0,0.0
2026-09-28 00:04:26,BUS,2026-09-28,SANTA CRUZ,SANTA CRUZ,COCHABAMBA,COCHABAMBA,TRANS COPACABANA S.A.,110,142,2026-09-28 20:00,2026-09-29 06:00,CAMA,CAMA TV 43,Directo (10h 0m),False,0,0.0,0.0,0.0
2026-09-28 00:04:26,BUS,2026-09-28,SANTA CRUZ,SANTA CRUZ,COCHABAMBA,COCHABAMBA,TRANS COPACABANA S.A.,110,151,2026-09-28 21:00,2026-09-29 07:00,CAMA,CAMA TV 43,Directo (10h 0m),False,0,0.0,0.0,0.0
2026-09-28 00:04:26,BUS,2026-09-28,SANTA CRUZ,SANTA CRUZ,YACUIBA,YACUIBA,TRANS COPACABANA S.A.,110,129,2026-09-28 21:00,2026-09-29 06:00,CAMA,CAMA D - PISO 43,Directo (9h 0m),False,0,0.0,0.0,0.0
2026-09-28 00:04:26,BUS,2026-09-28,SANTA CRUZ,SANTA CRUZ,YACUIBA,YACUIBA,LA QUERIDA,142,4564 FFH,2026-09-28 21:15,2026-09-29 06:15,CAMA,CAMA LEITO,Directo (9h 0m),False,0,209.0,250.0,100.0
2026-09-28 00:04:26,BUS,2026-09-28,SANTA CRUZ,SANTA CRUZ,COCHABAMBA,COCHABAMBA,EL DORADO,103,EDX,2026-09-28 21:30,2026-09-29 09:30,CAMA,CAMA 3F 46 VOLVO 2019,Directo (12h 0m),False,0,0.0,0.0,0.0
2026-09-28 00:04:26,BUS,2026-09-28,SANTA CRUZ,SANTA CRUZ,COCHABAMBA,COCHABAMBA,TRANS COPACABANA S.A.,110,140,2026-09-28 21:30,2026-09-29 07:30,CAMA,CAMA TV 43,Directo (10h 0m),False,0,0.0,0.0,0.0
2026-09-28 00:04:26,BUS,2026-09-28,SANTA CRUZ,SANTA CRUZ,TRINIDAD,TRINIDAD,TRANS COPACABANA S.A.,110,131,2026-09-28 21:30,2026-09-29 06:30,CAMA,CAMA D - PISO 43,Directo (9h 0m),False,0,0.0,0.0,0.0
2026-09-28 00:04:26,BUS,2026-09-28,SUCRE,SUCRE,LA PAZ,LA PAZ,TRANS COPACABANA S.A.,110,160,2026-09-28 19:30,2026-09-29 07:30,CAMA,CAMA TV 43,Directo (12h 0m),False,0,0.0,0.0,0.0
2026-09-28 00:04:26,BUS,2026-09-28,SUCRE,SUCRE,LA PAZ,LA PAZ,EL DORADO,103,HXY,2026-09-28 20:00,2026-09-29 08:00,CAMA,CAMA 3F 46 VOLVO 2019,Directo (12h 0m),False,0,0.0,0.0,0.0
2026-09-28 00:04:26,BUS,2026-09-28,SUCRE,SUCRE,COCHABAMBA,COCHABAMBA,EL DORADO,103,CZT,2026-09-28 21:00,2026-09-29 07:00,CAMA,CAMA 3 FILAS 40,Directo (10h 0m),False,0,0.0,0.0,0.0
2026-09-28 00:04:26,BUS,2026-09-28,SUCRE,SUCRE,COCHABAMBA,COCHABAMBA,TRANS COPACABANA S.A.,110,171,2026-09-28 21:00,2026-09-29 04:00,CAMA,CAMA TV 46,Directo (7h 0m),False,0,0.0,0.0,0.0
2026-09-28 00:04:26,BUS,2026-09-28,SUCRE,SUCRE,ORURO,ORURO,BUSTILLO,127,2898XCT,2026-09-28 21:00,2026-09-29 07:08,CAMA,LEITO 40 DM,Directo (10h 8m),False,0,0.0,0.0,0.0
2026-09-28 00:04:26,BUS,2026-09-28,SUCRE,SUCRE,ORURO,ORURO,SAN MIGUEL,124,3115UXD,2026-09-28 21:30,2026-09-29 06:30,CAMA,3115 UXD,Directo (9h 0m),False,0,0.0,0.0,0.0
2026-09-28 00:04:26,BUS,2026-09-28,TARIJA,TARIJA,COCHABAMBA,COCHABAMBA,TRANS COPACABANA S.A.,110,150,2026-09-28 18:00,2026-09-29 09:00,CAMA,CAMA TV 43,Directo (15h 0m),False,0,0.0,0.0,0.0
2026-09-28 00:04:26,BUS,2026-09-28,TARIJA,TARIJA,LA PAZ,LA PAZ,ROYAL CLASS,144,5310UKK,2026-09-28 18:30,2026-09-29 09:30,CAMA,LEITO 3 FILAS,Directo (15h 0m),False,0,400.0,450.0,300.0
2026-09-28 00:04:26,BUS,2026-09-28,TARIJA,TARIJA,SANTA CRUZ,SANTA CRUZ,EL MEXICANO,206,5023 RKI,2026-09-28 18:30,2026-09-29 08:30,SUITE,SUITE CAMA 32,Directo (14h 0m),False,0,350.0,430.0,350.0
2026-09-28 00:04:26,BUS,2026-09-28,TARIJA,TARIJA,SANTA CRUZ,SANTA CRUZ,TRANS COPACABANA S.A.,110,160,2026-09-28 19:00,2026-09-29 07:30,CAMA,CAMA TV 43,Directo (12h 30m),False,0,400.0,400.0,356.0
2026-09-28 00:04:26,BUS,2026-09-28,TARIJA,TARIJA,LA PAZ,LA PAZ,TRANS COPACABANA S.A.,110,150,2026-09-28 19:30,2026-09-29 12:30,CAMA,CAMA TV 43,Directo (17h 0m),False,0,0.0,0.0,0.0
2026-09-28 00:04:26,BUS,2026-09-28,TARIJA,TARIJA,SUCRE,SUCRE,EL MEXICANO,206,CAMA,2026-09-28 19:30,2026-09-29 06:30,CAMA,CAMA LEITO 38,Directo (11h 0m),False,0,0.0,0.0,0.0
2026-09-28 00:04:26,BUS,2026-09-28,TRINIDAD,TRINIDAD,SANTA CRUZ,SANTA CRUZ,TRANS COPACABANA S.A.,110,145,2026-09-28 21:30,2026-09-29 06:30,CAMA,CAMA TV 43,Directo (9h 0m),False,0,0.0,0.0,0.0
2026-09-28 00:04:26,BUS,2026-09-28,VILLAZON,VILLAZON,LA PAZ,LA PAZ,ILLIMANI,179,1054UHU,2026-09-28 15:30,2026-09-29 02:55,CAMA,CAMA 32 3F,Directo (11h 25m),False,0,0.0,0.0,0.0
2026-09-28 00:04:26,BUS,2026-09-28,VILLAZON,VILLAZON,LA PAZ,LA PAZ,ILLIMANI,179,1985BDP,2026-09-28 19:30,2026-09-29 06:55,CAMA,CAMA LEITO 40A,Directo (11h 25m),False,0,0.0,0.0,0.0
2026-09-28 00:04:26,BUS,2026-09-28,VILLAZON,VILLAZON,ORURO,ORURO,SAN MIGUEL,124,3847NKX,2026-09-28 19:30,2026-09-29 04:00,CAMA,3847 NKX,Directo (8h 30m),False,0,0.0,0.0,0.0
2026-09-28 00:04:26,BUS,2026-09-28,YACUIBA,YACUIBA,SANTA CRUZ,SANTA CRUZ,LA QUERIDA,142,5597NTU,2026-09-28 21:00,2026-09-29 06:00,CAMA,CAMA LEITO,Directo (9h 0m),False,0,209.0,250.0,200.0
2026-09-28 00:04:26,BUS,2026-09-28,YACUIBA,YACUIBA,SANTA CRUZ,SANTA CRUZ,TRANS COPACABANA S.A.,110,156,2026-09-28 21:00,2026-09-29 06:00,CAMA,CAMA TV 43,Directo (9h 0m),False,0,0.0,0.0,0.0
2026-09-28 00:04:26,BUS,2026-09-28,YACUIBA,YACUIBA,SANTA CRUZ,SANTA CRUZ,RENACER,105,108,2026-09-28 21:00,2026-09-29 09:00,CAMA,CAMA LEITO 43,Directo (12h 0m),False,0,0.0,0.0,0.0
2026-09-28 00:04:26,BUS,2026-09-28,YACUIBA,YACUIBA,SANTA CRUZ,SANTA CRUZ,LA QUERIDA,142,6305KPA,2026-09-28 21:30,2026-09-29 06:30,CAMA,CAMA LEITO,Directo (9h 0m),False,0,0.0,0.0,0.0
2026-09-28 00:04:26,VUELO,2026-09-28,CBB,Cochabamba,VVI,Santa Cruz,BOLIVIANA DE AVIACION,OB,630,2026-09-28 04:35,2026-09-28 05:25,ECONOMICA,AVION,Directo (00:50),False,0,713.0,713.0,713.0
2026-09-28 00:04:26,VUELO,2026-09-28,CBB,Cochabamba,TDD,Trinidad,BOLIVIANA DE AVIACION,OB,446,2026-09-28 13:30,2026-09-28 14:25,ECONOMICA,AVION,Directo (00:55),False,0,653.0,653.0,653.0
2026-09-28 00:04:26,VUELO,2026-09-28,CBB,Cochabamba,ORU,Oruro,BOLIVIANA DE AVIACION,OB,324,2026-09-28 13:50,2026-09-28 14:25,ECONOMICA,AVION,Directo (00:35),False,0,528.0,528.0,528.0
2026-09-28 00:04:26,VUELO,2026-09-28,CBB,Cochabamba,TJA,Tarija,BOLIVIANA DE AVIACION,OB,532,2026-09-28 19:15,2026-09-28 20:15,ECONOMICA,AVION,Directo (01:00),False,0,876.0,876.0,876.0
2026-09-28 00:04:26,VUELO,2026-09-28,CIJ,Cobija,LPB,La Paz,BOLIVIANA DE AVIACION,OB,401,2026-09-28 10:00,2026-09-28 11:10,ECONOMICA,AVION,Directo (01:10),False,0,744.0,744.0,744.0
2026-09-28 00:04:26,VUELO,2026-09-28,LPB,La Paz,VVI,Santa Cruz,BOLIVIANA DE AVIACION,OB,660,2026-09-28 04:45,2026-09-28 05:50,ECONOMICA,AVION,Directo (01:05),False,0,1067.0,1067.0,1067.0
2026-09-28 00:04:26,VUELO,2026-09-28,LPB,La Paz,CBB,Cochabamba,BOLIVIANA DE AVIACION,OB,603,2026-09-28 06:10,2026-09-28 06:55,ECONOMICA,AVION,Directo (00:45),False,0,553.0,553.0,553.0
2026-09-28 00:04:26,VUELO,2026-09-28,LPB,La Paz,TDD,Trinidad,BOLIVIANA DE AVIACION,OB,603 / 446,2026-09-28 06:10,2026-09-28 14:25,ECONOMICA,AVION,1 escala (CBB) - 08:15,True,1,1206.0,1206.0,1206.0
2026-09-28 00:04:26,VUELO,2026-09-28,LPB,LA PAZ,CIJ,COBIJA,TAMep,2E,703,2026-09-28 08:00,2026-09-28 09:10,ECONOMICA,AVION,Directo (01:10),False,0,818.0,818.0,818.0
2026-09-28 00:04:26,VUELO,2026-09-28,LPB,La Paz,CIJ,Cobija,BOLIVIANA DE AVIACION,OB,400,2026-09-28 08:25,2026-09-28 09:30,ECONOMICA,AVION,Directo (01:05),False,0,1154.0,1154.0,1154.0
2026-09-28 00:04:26,VUELO,2026-09-28,LPB,LA PAZ,VVI,SANTA CRUZ,TAMep,2E,705,2026-09-28 12:30,2026-09-28 13:40,ECONOMICA,AVION,Directo (01:10),False,0,1118.0,1118.0,1118.0
2026-09-28 00:04:26,VUELO,2026-09-28,LPB,LA PAZ,VVI,SANTA CRUZ,TAMep,2E,8722,2026-09-28 18:40,2026-09-28 19:50,ECONOMICA,AVION,Directo (01:10),False,0,953.0,953.0,953.0
2026-09-28 00:04:26,VUELO,2026-09-28,LPB,La Paz,CBB,Cochabamba,BOLIVIANA DE AVIACION,OB,625,2026-09-28 22:05,2026-09-28 22:50,ECONOMICA,AVION,Directo (00:45),False,0,553.0,553.0,553.0
2026-09-28 00:04:26,VUELO,2026-09-28,LPB,La Paz,VVI,Santa Cruz,BOLIVIANA DE AVIACION,OB,688,2026-09-28 23:00,2026-09-29 00:05,ECONOMICA,AVION,Directo (01:05),False,0,1067.0,1067.0,1067.0
2026-09-28 00:04:26,VUELO,2026-09-28,LPB,La Paz,VVI,Santa Cruz,BOLIVIANA DE AVIACION,OB,988,2026-09-28 23:45,2026-09-29 00:50,ECONOMICA,AVION,Directo (01:05),False,0,973.0,973.0,973.0
2026-09-28 00:04:26,VUELO,2026-09-28,LPB,La Paz,CBB,Cochabamba,BOLIVIANA DE AVIACION,OB,629,2026-09-28 23:50,2026-09-29 00:35,ECONOMICA,AVION,Directo (00:45),False,0,505.0,505.0,505.0
2026-09-28 00:04:26,VUELO,2026-09-28,ORU,Oruro,CBB,Cochabamba,BOLIVIANA DE AVIACION,OB,325,2026-09-28 15:00,2026-09-28 15:35,ECONOMICA,AVION,Directo (00:35),False,0,477.0,477.0,477.0
2026-09-28 00:04:26,VUELO,2026-09-28,SRE,Sucre,CBB,Cochabamba,BOLIVIANA DE AVIACION,OB,573,2026-09-28 09:05,2026-09-28 09:45,ECONOMICA,AVION,Directo (00:40),False,0,538.0,538.0,538.0
2026-09-28 00:04:26,VUELO,2026-09-28,SRE,Sucre,TJA,Tarija,BOLIVIANA DE AVIACION,OB,573 / 532,2026-09-28 09:05,2026-09-28 20:15,ECONOMICA,AVION,1 escala (CBB) - 11:10,True,1,1414.0,1414.0,1414.0
2026-09-28 00:04:26,VUELO,2026-09-28,TDD,Trinidad,CBB,Cochabamba,BOLIVIANA DE AVIACION,OB,447,2026-09-28 14:55,2026-09-28 15:45,ECONOMICA,AVION,Directo (00:50),False,0,538.0,538.0,538.0
2026-09-28 00:04:26,VUELO,2026-09-28,TJA,Tarija,CBB,Cochabamba,BOLIVIANA DE AVIACION,OB,525,2026-09-28 08:55,2026-09-28 09:55,ECONOMICA,AVION,Directo (01:00),False,0,876.0,876.0,876.0
2026-09-28 00:04:26,VUELO,2026-09-28,TJA,Tarija,VVI,Santa Cruz,BOLIVIANA DE AVIACION,OB,255,2026-09-28 14:45,2026-09-28 15:45,ECONOMICA,AVION,Directo (01:00),False,0,963.0,963.0,963.0
2026-09-28 00:04:26,VUELO,2026-09-28,VVI,SANTA CRUZ,CBB,COCHABAMBA,TAMep,2E,8723,2026-09-28 20:20,2026-09-28 21:10,ECONOMICA,AVION,Directo (00:50),False,0,713.0,713.0,713.0
2026-09-28 00:04:26,BUS,2026-09-29,COCHABAMBA,COCHABAMBA,LA PAZ,LA PAZ,EL DORADO,103,000,2026-09-29 07:30,2026-09-29 14:30,CAMA,CAMA 3 FILAS 40,Directo (7h 0m),False,0,0.0,0.0,0.0
2026-09-28 00:04:26,BUS,2026-09-29,COCHABAMBA,COCHABAMBA,LA PAZ,LA PAZ,BOLIVIA,113,000,2026-09-29 08:30,2026-09-29 16:00,CAMA,CAMA 40,Directo (7h 30m),False,0,0.0,0.0,0.0
2026-09-28 00:04:26,BUS,2026-09-29,COCHABAMBA,COCHABAMBA,LA PAZ,LA PAZ,EL DORADO,103,000,2026-09-29 09:30,2026-09-29 16:30,CAMA,CAMA 3 FILAS 40,Directo (7h 0m),False,0,0.0,0.0,0.0
2026-09-28 00:04:26,BUS,2026-09-29,COCHABAMBA,COCHABAMBA,LA PAZ,LA PAZ,BOLIVIA,113,000,2026-09-29 10:30,2026-09-29 18:00,CAMA,CAMA 40,Directo (7h 30m),False,0,0.0,0.0,0.0
2026-09-28 00:04:26,BUS,2026-09-29,COCHABAMBA,COCHABAMBA,LA PAZ,LA PAZ,EL DORADO,103,000,2026-09-29 10:30,2026-09-29 17:30,CAMA,CAMA 3 FILAS 40,Directo (7h 0m),False,0,0.0,0.0,0.0
2026-09-28 00:04:26,BUS,2026-09-29,COCHABAMBA,COCHABAMBA,LA PAZ,LA PAZ,EL DORADO,103,000,2026-09-29 12:00,2026-09-29 19:00,CAMA,CAMA 3 FILAS 40,Directo (7h 0m),False,0,0.0,0.0,0.0
2026-09-28 00:04:26,BUS,2026-09-29,COCHABAMBA,COCHABAMBA,LA PAZ,LA PAZ,BOLIVIA,113,000,2026-09-29 13:30,2026-09-29 21:00,CAMA,CAMA 40,Directo (7h 30m),False,0,0.0,0.0,0.0
2026-09-28 00:04:26,BUS,2026-09-29,COCHABAMBA,COCHABAMBA,LA PAZ,LA PAZ,EL DORADO,103,000,2026-09-29 15:00,2026-09-29 22:00,CAMA,CAMA 3 FILAS 40,Directo (7h 0m),False,0,0.0,0.0,0.0
2026-09-28 00:04:26,BUS,2026-09-29,COCHABAMBA,COCHABAMBA,LA PAZ,LA PAZ,BOLIVIA,113,000,2026-09-29 16:30,2026-09-30 00:00,CAMA,CAMA 40,Directo (7h 30m),False,0,0.0,0.0,0.0
2026-09-28 00:04:26,BUS,2026-09-29,COCHABAMBA,COCHABAMBA,LA PAZ,LA PAZ,EL DORADO,103,000,2026-09-29 17:00,2026-09-30 00:00,CAMA,CAMA 3 FILAS 40,Directo (7h 0m),False,0,0.0,0.0,0.0
2026-09-28 00:04:26,BUS,2026-09-29,COCHABAMBA,COCHABAMBA,TARIJA,TARIJA,TRANS COPACABANA S.A.,110,160,2026-09-29 17:00,2026-09-30 08:00,CAMA,CAMA TV 43,Directo (15h 0m),False,0,0.0,0.0,0.0
2026-09-28 00:04:26,BUS,2026-09-29,COCHABAMBA,COCHABAMBA,SANTA CRUZ,SANTA CRUZ,TRANS COPACABANA S.A.,110,151,2026-09-29 19:00,2026-09-30 05:00,CAMA,CAMA TV 43,Directo (10h 0m),False,0,0.0,0.0,0.0
2026-09-28 00:04:26,BUS,2026-09-29,COCHABAMBA,COCHABAMBA,SANTA CRUZ,SANTA CRUZ,TRANS COPACABANA S.A.,110,144,2026-09-29 20:00,2026-09-30 06:00,CAMA,CAMA TV 43,Directo (10h 0m),False,0,0.0,0.0,0.0
2026-09-28 00:04:26,BUS,2026-09-29,COCHABAMBA,COCHABAMBA,SANTA CRUZ,SANTA CRUZ,EL DORADO,103,000,2026-09-29 20:00,2026-09-30 08:00,CAMA,CAMA 3 FILAS 40,Directo (12h 0m),False,0,0.0,0.0,0.0
2026-09-28 00:04:26,BUS,2026-09-29,COCHABAMBA,COCHABAMBA,LA PAZ,LA PAZ,EL DORADO,103,000,2026-09-29 20:30,2026-09-30 03:30,CAMA,CAMA 3 FILAS 40,Directo (7h 0m),False,0,0.0,0.0,0.0
2026-09-28 00:04:26,BUS,2026-09-29,COCHABAMBA,COCHABAMBA,POTOSI,POTOSI,EL DORADO,103,000,2026-09-29 21:00,2026-09-30 09:30,CAMA,CAMA 3 FILAS 40,Directo (12h 30m),False,0,0.0,0.0,0.0
2026-09-28 00:04:26,BUS,2026-09-29,COCHABAMBA,COCHABAMBA,POTOSI,POTOSI,TRANS COPACABANA S.A.,110,133,2026-09-29 21:00,2026-09-30 07:00,CAMA,CAMA DD 43,Directo (10h 0m),False,0,0.0,0.0,0.0
2026-09-28 00:04:26,BUS,2026-09-29,COCHABAMBA,COCHABAMBA,SANTA CRUZ,SANTA CRUZ,TRANS COPACABANA S.A.,110,152,2026-09-29 21:00,2026-09-30 07:00,CAMA,CAMA TV 43,Directo (10h 0m),False,0,0.0,0.0,0.0
2026-09-28 00:04:26,BUS,2026-09-29,COCHABAMBA,COCHABAMBA,SUCRE,SUCRE,EL DORADO,103,000,2026-09-29 21:00,2026-09-30 07:00,CAMA,CAMA 3 FILAS 40,Directo (10h 0m),False,0,0.0,0.0,0.0
2026-09-28 00:04:26,BUS,2026-09-29,COCHABAMBA,COCHABAMBA,LA PAZ,LA PAZ,TRANS COPACABANA S.A.,110,132,2026-09-29 21:30,2026-09-30 05:30,CAMA,CAMA D - PISO 43,Directo (8h 0m),False,0,0.0,0.0,0.0
2026-09-28 00:04:26,BUS,2026-09-29,COCHABAMBA,COCHABAMBA,LA PAZ,LA PAZ,EL DORADO,103,000,2026-09-29 21:30,2026-09-30 04:30,CAMA,CAMA 3 FILAS 40,Directo (7h 0m),False,0,0.0,0.0,0.0
2026-09-28 00:04:26,BUS,2026-09-29,COCHABAMBA,COCHABAMBA,LA PAZ,LA PAZ,BOLIVIA,113,000,2026-09-29 21:30,2026-09-30 05:00,CAMA,CAMA 40,Directo (7h 30m),False,0,0.0,0.0,0.0
2026-09-28 00:04:26,BUS,2026-09-29,COCHABAMBA,COCHABAMBA,SUCRE,SUCRE,TRANS COPACABANA S.A.,110,160,2026-09-29 21:30,2026-09-30 04:30,CAMA,CAMA TV 43,Directo (7h 0m),False,0,0.0,0.0,0.0
2026-09-28 00:04:26,BUS,2026-09-29,COCHABAMBA,COCHABAMBA,LA PAZ,LA PAZ,TRANS COPACABANA S.A.,110,132,2026-09-29 22:00,2026-09-30 06:00,CAMA,CAMA D - PISO 43,Directo (8h 0m),False,0,0.0,0.0,0.0
2026-09-28 00:04:26,BUS,2026-09-29,COCHABAMBA,COCHABAMBA,LA PAZ,LA PAZ,EL DORADO,103,000,2026-09-29 22:00,2026-09-30 05:00,CAMA,CAMA 3 FILAS 40,Directo (7h 0m),False,0,0.0,0.0,0.0
2026-09-28 00:04:26,BUS,2026-09-29,COCHABAMBA,COCHABAMBA,LA PAZ,LA PAZ,BOLIVIA,113,000,2026-09-29 22:00,2026-09-30 05:30,CAMA,CAMA 40,Directo (7h 30m),False,0,0.0,0.0,0.0
2026-09-28 00:04:26,BUS,2026-09-29,COCHABAMBA,COCHABAMBA,LA PAZ,LA PAZ,EL DORADO,103,000,2026-09-29 22:30,2026-09-30 05:30,CAMA,CAMA 3 FILAS 40,Directo (7h 0m),False,0,0.0,0.0,0.0
2026-09-28 00:04:26,BUS,2026-09-29,COCHABAMBA,COCHABAMBA,LA PAZ,LA PAZ,TRANS COPACABANA S.A.,110,132,2026-09-29 22:30,2026-09-30 06:30,CAMA,CAMA D - PISO 43,Directo (8h 0m),False,0,0.0,0.0,0.0
2026-09-28 00:04:26,BUS,2026-09-29,COCHABAMBA,COCHABAMBA,LA PAZ,LA PAZ,BOLIVIA,113,000,2026-09-29 22:45,2026-09-30 06:15,CAMA,CAMA 40,Directo (7h 30m),False,0,0.0,0.0,0.0
2026-09-28 00:04:26,BUS,2026-09-29,COCHABAMBA,COCHABAMBA,LA PAZ,LA PAZ,EL DORADO,103,NSH,2026-09-29 22:45,2026-09-30 05:45,SUITE,SUITE Y CAMA 30,Directo (7h 0m),False,0,0.0,0.0,0.0
2026-09-28 00:04:26,BUS,2026-09-29,COCHABAMBA,COCHABAMBA,LA PAZ,LA PAZ,EL DORADO,103,000,2026-09-29 23:00,2026-09-30 06:00,CAMA,CAMA 3 FILAS 40,Directo (7h 0m),False,0,0.0,0.0,0.0
2026-09-28 00:04:26,BUS,2026-09-29,LA PAZ,LA PAZ,COCHABAMBA,COCHABAMBA,TRANS COPACABANA S.A.,110,125,2026-09-29 07:30,2026-09-29 15:30,CAMA,CAMA DD - PISO  43,Directo (8h 0m),False,0,0.0,0.0,0.0
2026-09-28 00:04:26,BUS,2026-09-29,LA PAZ,LA PAZ,COCHABAMBA,COCHABAMBA,EL DORADO,103,000,2026-09-29 08:00,2026-09-29 15:00,CAMA,CAMA 3 FILAS 40,Directo (7h 0m),False,0,0.0,0.0,0.0
2026-09-28 00:04:26,BUS,2026-09-29,LA PAZ,LA PAZ,COCHABAMBA,COCHABAMBA,EL DORADO,103,000,2026-09-29 09:00,2026-09-29 16:00,CAMA,CAMA 3 FILAS 40,Directo (7h 0m),False,0,0.0,0.0,0.0
2026-09-28 00:04:26,BUS,2026-09-29,LA PAZ,LA PAZ,COCHABAMBA,COCHABAMBA,EL DORADO,103,000,2026-09-29 10:30,2026-09-29 17:30,CAMA,CAMA 3 FILAS 40,Directo (7h 0m),False,0,0.0,0.0,0.0
2026-09-28 00:04:26,BUS,2026-09-29,LA PAZ,LA PAZ,COCHABAMBA,COCHABAMBA,EL DORADO,103,000,2026-09-29 11:00,2026-09-29 18:00,CAMA,CAMA 3 FILAS 40,Directo (7h 0m),False,0,0.0,0.0,0.0
2026-09-28 00:04:26,BUS,2026-09-29,LA PAZ,LA PAZ,COCHABAMBA,COCHABAMBA,TRANS COPACABANA S.A.,110,128,2026-09-29 11:30,2026-09-29 19:30,CAMA,CAMA D - PISO 43,Directo (8h 0m),False,0,0.0,0.0,0.0
2026-09-28 00:04:26,BUS,2026-09-29,LA PAZ,LA PAZ,COCHABAMBA,COCHABAMBA,EL DORADO,103,000,2026-09-29 12:30,2026-09-29 19:30,CAMA,CAMA 3 FILAS 40,Directo (7h 0m),False,0,0.0,0.0,0.0
2026-09-28 00:04:26,BUS,2026-09-29,LA PAZ,LA PAZ,SANTA CRUZ,SANTA CRUZ,EL DORADO,103,000,2026-09-29 12:30,2026-09-30 05:30,CAMA,CAMA 3 FILAS 40,Directo (17h 0m),False,0,0.0,0.0,0.0
2026-09-28 00:04:26,BUS,2026-09-29,LA PAZ,LA PAZ,COCHABAMBA,COCHABAMBA,EL DORADO,103,000,2026-09-29 13:00,2026-09-29 20:00,CAMA,CAMA 3 FILAS 40,Directo (7h 0m),False,0,0.0,0.0,0.0
2026-09-28 00:04:26,BUS,2026-09-29,LA PAZ,LA PAZ,COCHABAMBA,COCHABAMBA,EL DORADO,103,000,2026-09-29 14:00,2026-09-29 21:00,CAMA,CAMA 3 FILAS 40,Directo (7h 0m),False,0,0.0,0.0,0.0
2026-09-28 00:04:26,BUS,2026-09-29,LA PAZ,LA PAZ,SANTA CRUZ,SANTA CRUZ,TRANS COPACABANA S.A.,110,145,2026-09-29 14:00,2026-09-30 07:00,CAMA,CAMA TV 43,Directo (17h 0m),False,0,0.0,0.0,0.0
2026-09-28 00:04:26,BUS,2026-09-29,LA PAZ,LA PAZ,COCHABAMBA,COCHABAMBA,EL DORADO,103,000,2026-09-29 15:30,2026-09-29 22:30,CAMA,CAMA 3 FILAS 40,Directo (7h 0m),False,0,0.0,0.0,0.0
2026-09-28 00:04:26,BUS,2026-09-29,LA PAZ,LA PAZ,COCHABAMBA,COCHABAMBA,TRANS COPACABANA S.A.,110,134,2026-09-29 16:00,2026-09-30 00:00,CAMA,CAMA DD 43,Directo (8h 0m),False,0,0.0,0.0,0.0
2026-09-28 00:04:26,BUS,2026-09-29,LA PAZ,LA PAZ,SANTA CRUZ,SANTA CRUZ,TRANS COPACABANA S.A.,110,156,2026-09-29 16:30,2026-09-30 09:30,CAMA,CAMA TV 43,Directo (17h 0m),False,0,0.0,0.0,0.0
2026-09-28 00:04:26,BUS,2026-09-29,LA PAZ,LA PAZ,COCHABAMBA,COCHABAMBA,EL DORADO,103,000,2026-09-29 17:00,2026-09-30 00:00,CAMA,CAMA 3 FILAS 40,Directo (7h 0m),False,0,0.0,0.0,0.0
2026-09-28 00:04:26,BUS,2026-09-29,LA PAZ,LA PAZ,SANTA CRUZ,SANTA CRUZ,EL DORADO,103,000,2026-09-29 17:00,2026-09-30 10:00,CAMA,CAMA 3 FILAS 40,Directo (17h 0m),False,0,0.0,0.0,0.0
2026-09-28 00:04:26,BUS,2026-09-29,LA PAZ,LA PAZ,SANTA CRUZ,SANTA CRUZ,TRANS COPACABANA S.A.,110,160,2026-09-29 17:30,2026-09-30 10:30,CAMA,CAMA TV 43,Directo (17h 0m),False,0,0.0,0.0,0.0
2026-09-28 00:04:26,BUS,2026-09-29,LA PAZ,LA PAZ,TARIJA,TARIJA,TRANS COPACABANA S.A.,110,160,2026-09-29 18:30,2026-09-30 11:30,CAMA,CAMA TV 43,Directo (17h 0m),False,0,0.0,0.0,0.0
2026-09-28 00:04:26,BUS,2026-09-29,LA PAZ,LA PAZ,COCHABAMBA,COCHABAMBA,EL DORADO,103,000,2026-09-29 19:00,2026-09-30 02:00,CAMA,CAMA 3 FILAS 40,Directo (7h 0m),False,0,0.0,0.0,0.0
2026-09-28 00:04:26,BUS,2026-09-29,LA PAZ,LA PAZ,SANTA CRUZ,SANTA CRUZ,TRANS COPACABANA S.A.,110,150,2026-09-29 19:00,2026-09-30 12:00,CAMA,CAMA TV 43,Directo (17h 0m),False,0,0.0,0.0,0.0
2026-09-28 00:04:26,BUS,2026-09-29,LA PAZ,LA PAZ,TARIJA,TARIJA,ROYAL CLASS,144,5310UKK,2026-09-29 19:00,2026-09-30 10:00,CAMA,LEITO 3 FILAS,Directo (15h 0m),False,0,0.0,0.0,0.0
2026-09-28 00:04:26,BUS,2026-09-29,LA PAZ,LA PAZ,SANTA CRUZ,SANTA CRUZ,EL DORADO,103,000,2026-09-29 19:30,2026-09-30 12:30,CAMA,CAMA 3 FILAS 40,Directo (17h 0m),False,0,0.0,0.0,0.0
2026-09-28 00:04:26,BUS,2026-09-29,LA PAZ,LA PAZ,SUCRE,SUCRE,EL DORADO,103,NSH,2026-09-29 19:30,2026-09-30 07:30,SUITE,SUITE Y CAMA 30,Directo (12h 0m),False,0,353.0,353.0,350.0
2026-09-28 00:04:26,BUS,2026-09-29,LA PAZ,LA PAZ,SUCRE,SUCRE,TRANS COPACABANA S.A.,110,155,2026-09-29 19:30,2026-09-30 07:30,CAMA,CAMA TV 43,Directo (12h 0m),False,0,0.0,0.0,0.0
2026-09-28 00:04:26,BUS,2026-09-29,LA PAZ,LA PAZ,SUCRE,SUCRE,EL MEXICANO,206,2804 ZLI,2026-09-29 20:00,2026-09-30 08:00,CAMA,CAMA 40 ASIENTOS,Directo (12h 0m),False,0,0.0,0.0,0.0
2026-09-28 00:04:26,BUS,2026-09-29,LA PAZ,LA PAZ,COCHABAMBA,COCHABAMBA,TRANS COPACABANA S.A.,110,118,2026-09-29 20:30,2026-09-30 04:30,CAMA,CAMA DD - PISO  43,Directo (8h 0m),False,0,0.0,0.0,0.0
2026-09-28 00:04:26,BUS,2026-09-29,LA PAZ,LA PAZ,COCHABAMBA,COCHABAMBA,EL DORADO,103,000,2026-09-29 20:30,2026-09-30 03:30,CAMA,CAMA 3 FILAS 40,Directo (7h 0m),False,0,0.0,0.0,0.0
2026-09-28 00:04:26,BUS,2026-09-29,LA PAZ,LA PAZ,COCHABAMBA,COCHABAMBA,EL DORADO,103,000,2026-09-29 21:00,2026-09-30 04:00,CAMA,CAMA 3 FILAS 40,Directo (7h 0m),False,0,0.0,0.0,0.0
2026-09-28 00:04:26,BUS,2026-09-29,LA PAZ,LA PAZ,POTOSI,POTOSI,FLOTA COPACABANA,167,4273 PTY,2026-09-29 21:00,2026-09-30 05:30,CAMA,CAMA 41,Directo (8h 30m),False,0,0.0,0.0,0.0
2026-09-28 00:04:26,BUS,2026-09-29,LA PAZ,LA PAZ,POTOSI,POTOSI,TRANS COPACABANA S.A.,110,165,2026-09-29 21:00,2026-09-30 06:00,CAMA,CAMA TV 46,Directo (9h 0m),False,0,0.0,0.0,0.0
2026-09-28 00:04:26,BUS,2026-09-29,LA PAZ,LA PAZ,COCHABAMBA,COCHABAMBA,TRANS COPACABANA S.A.,110,130,2026-09-29 21:30,2026-09-30 05:30,CAMA,CAMA D - PISO 43,Directo (8h 0m),False,0,0.0,0.0,0.0
2026-09-28 00:04:26,BUS,2026-09-29,LA PAZ,LA PAZ,COCHABAMBA,COCHABAMBA,EL DORADO,103,000,2026-09-29 21:30,2026-09-30 04:30,CAMA,CAMA 3 FILAS 40,Directo (7h 0m),False,0,0.0,0.0,0.0
2026-09-28 00:04:26,BUS,2026-09-29,LA PAZ,LA PAZ,POTOSI,POTOSI,EL DORADO,103,000,2026-09-29 21:30,2026-09-30 06:30,CAMA,CAMA 3 FILAS 40,Directo (9h 0m),False,0,0.0,0.0,0.0
2026-09-28 00:04:26,BUS,2026-09-29,LA PAZ,LA PAZ,COCHABAMBA,COCHABAMBA,TRANS COPACABANA S.A.,110,136,2026-09-29 22:00,2026-09-30 06:00,CAMA,CAMA DD 43,Directo (8h 0m),False,0,0.0,0.0,0.0
2026-09-28 00:04:26,BUS,2026-09-29,LA PAZ,LA PAZ,COCHABAMBA,COCHABAMBA,EL DORADO,103,000,2026-09-29 22:00,2026-09-30 05:00,CAMA,CAMA 3 FILAS 40,Directo (7h 0m),False,0,0.0,0.0,0.0
2026-09-28 00:04:26,BUS,2026-09-29,LA PAZ,LA PAZ,COCHABAMBA,COCHABAMBA,TRANS COPACABANA S.A.,110,150,2026-09-29 22:30,2026-09-30 06:30,CAMA,CAMA TV 43,Directo (8h 0m),False,0,0.0,0.0,0.0
2026-09-28 00:04:26,BUS,2026-09-29,LA PAZ,LA PAZ,COCHABAMBA,COCHABAMBA,EL DORADO,103,000,2026-09-29 22:30,2026-09-30 05:30,CAMA,CAMA 3 FILAS 40,Directo (7h 0m),False,0,0.0,0.0,0.0
2026-09-28 00:04:26,BUS,2026-09-29,LA PAZ,LA PAZ,COCHABAMBA,COCHABAMBA,TRANS COPACABANA S.A.,110,144,2026-09-29 23:00,2026-09-30 07:00,CAMA,CAMA TV 43,Directo (8h 0m),False,0,0.0,0.0,0.0
2026-09-28 00:04:26,BUS,2026-09-29,LA PAZ,LA PAZ,COCHABAMBA,COCHABAMBA,EL DORADO,103,000,2026-09-29 23:00,2026-09-30 06:00,CAMA,CAMA 3 FILAS 40,Directo (7h 0m),False,0,0.0,0.0,0.0
2026-09-28 00:04:26,BUS,2026-09-29,ORURO,ORURO,COCHABAMBA,COCHABAMBA,TRANS COPACABANA S.A.,110,114,2026-09-29 08:30,2026-09-29 13:30,CAMA,CAMA DD - PISO  43,Directo (5h 0m),False,0,0.0,0.0,0.0
2026-09-28 00:04:26,BUS,2026-09-29,ORURO,ORURO,COCHABAMBA,COCHABAMBA,TRANS COPACABANA S.A.,110,112,2026-09-29 10:00,2026-09-29 15:00,CAMA,CAMA DD - PISO  43,Directo (5h 0m),False,0,0.0,0.0,0.0
2026-09-28 00:04:26,BUS,2026-09-29,ORURO,ORURO,COCHABAMBA,COCHABAMBA,TRANS COPACABANA S.A.,110,112,2026-09-29 13:30,2026-09-29 18:30,CAMA,CAMA DD - PISO  43,Directo (5h 0m),False,0,0.0,0.0,0.0
2026-09-28 00:04:26,BUS,2026-09-29,ORURO,ORURO,COCHABAMBA,COCHABAMBA,TRANS COPACABANA S.A.,110,112,2026-09-29 16:00,2026-09-29 21:00,CAMA,CAMA DD - PISO  43,Directo (5h 0m),False,0,0.0,0.0,0.0
2026-09-28 00:04:26,BUS,2026-09-29,ORURO,ORURO,COCHABAMBA,COCHABAMBA,TRANS COPACABANA S.A.,110,113,2026-09-29 19:00,2026-09-30 00:00,CAMA,CAMA DD - PISO  43,Directo (5h 0m),False,0,0.0,0.0,0.0
2026-09-28 00:04:26,BUS,2026-09-29,POTOSI,POTOSI,COCHABAMBA,COCHABAMBA,TRANS COPACABANA S.A.,110,150,2026-09-29 21:30,2026-09-30 07:30,CAMA,CAMA TV 43,Directo (10h 0m),False,0,0.0,0.0,0.0
2026-09-28 00:04:26,BUS,2026-09-29,POTOSI,POTOSI,LA PAZ,LA PAZ,TRANS COPACABANA S.A.,110,145,2026-09-29 22:00,2026-09-30 07:00,CAMA,CAMA TV 43,Directo (9h 0m),False,0,0.0,0.0,0.0
2026-09-28 00:04:26,BUS,2026-09-29,SANTA CRUZ,SANTA CRUZ,COCHABAMBA,COCHABAMBA,TRANS COPACABANA S.A.,110,145,2026-09-29 08:30,2026-09-29 18:30,CAMA,CAMA TV 43,Directo (10h 0m),False,0,0.0,0.0,0.0
2026-09-28 00:04:26,BUS,2026-09-29,SANTA CRUZ,SANTA CRUZ,LA PAZ,LA PAZ,TRANS COPACABANA S.A.,110,155,2026-09-29 14:00,2026-09-30 07:00,CAMA,CAMA TV 43,Directo (17h 0m),False,0,0.0,0.0,0.0
2026-09-28 00:04:26,BUS,2026-09-29,SANTA CRUZ,SANTA CRUZ,LA PAZ,LA PAZ,TRANS COPACABANA S.A.,110,155,2026-09-29 16:30,2026-09-30 09:30,CAMA,CAMA TV 43,Directo (17h 0m),False,0,0.0,0.0,0.0
2026-09-28 00:04:26,BUS,2026-09-29,SANTA CRUZ,SANTA CRUZ,LA PAZ,LA PAZ,TRANS COPACABANA S.A.,110,155,2026-09-29 17:30,2026-09-30 10:30,CAMA,CAMA TV 43,Directo (17h 0m),False,0,0.0,0.0,0.0
2026-09-28 00:04:26,BUS,2026-09-29,SANTA CRUZ,SANTA CRUZ,COCHABAMBA,COCHABAMBA,TRANS COPACABANA S.A.,110,127,2026-09-29 19:00,2026-09-30 05:00,CAMA,CAMA D - PISO 43,Directo (10h 0m),False,0,0.0,0.0,0.0
2026-09-28 00:04:26,BUS,2026-09-29,SANTA CRUZ,SANTA CRUZ,TARIJA,TARIJA,TRANS COPACABANA S.A.,110,163,2026-09-29 19:00,2026-09-30 07:00,CAMA,CAMA TV 43,Directo (12h 0m),False,0,0.0,0.0,0.0
2026-09-28 00:04:26,BUS,2026-09-29,SANTA CRUZ,SANTA CRUZ,LA PAZ,LA PAZ,TRANS COPACABANA S.A.,110,155,2026-09-29 19:30,2026-09-30 12:30,CAMA,CAMA TV 43,Directo (17h 0m),False,0,0.0,0.0,0.0
2026-09-28 00:04:26,BUS,2026-09-29,SANTA CRUZ,SANTA CRUZ,COCHABAMBA,COCHABAMBA,TRANS COPACABANA S.A.,110,142,2026-09-29 20:00,2026-09-30 06:00,CAMA,CAMA TV 43,Directo (10h 0m),False,0,0.0,0.0,0.0
2026-09-28 00:04:26,BUS,2026-09-29,SANTA CRUZ,SANTA CRUZ,COCHABAMBA,COCHABAMBA,TRANS COPACABANA S.A.,110,151,2026-09-29 21:00,2026-09-30 07:00,CAMA,CAMA TV 43,Directo (10h 0m),False,0,0.0,0.0,0.0
2026-09-28 00:04:26,BUS,2026-09-29,SANTA CRUZ,SANTA CRUZ,YACUIBA,YACUIBA,TRANS COPACABANA S.A.,110,129,2026-09-29 21:00,2026-09-30 06:00,CAMA,CAMA D - PISO 43,Directo (9h 0m),False,0,0.0,0.0,0.0
2026-09-28 00:04:26,BUS,2026-09-29,SANTA CRUZ,SANTA CRUZ,COCHABAMBA,COCHABAMBA,TRANS COPACABANA S.A.,110,140,2026-09-29 21:30,2026-09-30 07:30,CAMA,CAMA TV 43,Directo (10h 0m),False,0,0.0,0.0,0.0
2026-09-28 00:04:26,BUS,2026-09-29,SANTA CRUZ,SANTA CRUZ,TRINIDAD,TRINIDAD,TRANS COPACABANA S.A.,110,131,2026-09-29 21:30,2026-09-30 06:30,CAMA,CAMA D - PISO 43,Directo (9h 0m),False,0,0.0,0.0,0.0
2026-09-28 00:04:26,BUS,2026-09-29,SUCRE,SUCRE,LA PAZ,LA PAZ,TRANS COPACABANA S.A.,110,151,2026-09-29 19:30,2026-09-30 07:30,CAMA,CAMA TV 43,Directo (12h 0m),False,0,0.0,0.0,0.0
2026-09-28 00:04:26,BUS,2026-09-29,SUCRE,SUCRE,COCHABAMBA,COCHABAMBA,TRANS COPACABANA S.A.,110,140,2026-09-29 21:00,2026-09-30 04:00,CAMA,CAMA TV 43,Directo (7h 0m),False,0,0.0,0.0,0.0
2026-09-28 00:04:26,BUS,2026-09-29,TARIJA,TARIJA,COCHABAMBA,COCHABAMBA,TRANS COPACABANA S.A.,110,150,2026-09-29 18:00,2026-09-30 09:00,CAMA,CAMA TV 43,Directo (15h 0m),False,0,0.0,0.0,0.0
2026-09-28 00:04:26,BUS,2026-09-29,TARIJA,TARIJA,LA PAZ,LA PAZ,ROYAL CLASS,144,5310UIG,2026-09-29 18:30,2026-09-30 09:30,CAMA,SUITE - CAMA,Directo (15h 0m),False,0,0.0,0.0,0.0
2026-09-28 00:04:26,BUS,2026-09-29,TARIJA,TARIJA,SANTA CRUZ,SANTA CRUZ,TRANS COPACABANA S.A.,110,160,2026-09-29 19:00,2026-09-30 07:30,CAMA,CAMA TV 43,Directo (12h 30m),False,0,0.0,0.0,0.0
2026-09-28 00:04:26,BUS,2026-09-29,TARIJA,TARIJA,LA PAZ,LA PAZ,TRANS COPACABANA S.A.,110,150,2026-09-29 19:30,2026-09-30 12:30,CAMA,CAMA TV 43,Directo (17h 0m),False,0,0.0,0.0,0.0
2026-09-28 00:04:26,BUS,2026-09-29,TRINIDAD,TRINIDAD,SANTA CRUZ,SANTA CRUZ,TRANS COPACABANA S.A.,110,147,2026-09-29 21:30,2026-09-30 06:30,CAMA,CAMA TV 43,Directo (9h 0m),False,0,0.0,0.0,0.0
2026-09-28 00:04:26,BUS,2026-09-29,YACUIBA,YACUIBA,SANTA CRUZ,SANTA CRUZ,TRANS COPACABANA S.A.,110,150,2026-09-29 21:00,2026-09-30 06:00,CAMA,CAMA TV 43,Directo (9h 0m),False,0,0.0,0.0,0.0
2026-09-28 00:04:26,VUELO,2026-09-29,CBB,Cochabamba,TDD,Trinidad,BOLIVIANA DE AVIACION,OB,446,2026-09-29 13:30,2026-09-29 14:25,ECONOMICA,AVION,Directo (00:55),False,0,653.0,653.0,653.0
2026-09-28 00:04:26,VUELO,2026-09-29,CBB,Cochabamba,ORU,Oruro,BOLIVIANA DE AVIACION,OB,324,2026-09-29 13:50,2026-09-29 14:25,ECONOMICA,AVION,Directo (00:35),False,0,427.0,427.0,427.0
2026-09-28 00:04:26,VUELO,2026-09-29,CBB,Cochabamba,SRE,Sucre,BOLIVIANA DE AVIACION,OB,578,2026-09-29 19:30,2026-09-29 20:10,ECONOMICA,AVION,Directo (00:40),False,0,538.0,538.0,538.0
2026-09-28 00:04:26,VUELO,2026-09-29,CIJ,Cobija,LPB,La Paz,BOLIVIANA DE AVIACION,OB,401,2026-09-29 10:00,2026-09-29 11:10,ECONOMICA,AVION,Directo (01:10),False,0,846.0,846.0,846.0
2026-09-28 00:04:26,VUELO,2026-09-29,LPB,La Paz,VVI,Santa Cruz,BOLIVIANA DE AVIACION,OB,660,2026-09-29 04:45,2026-09-29 05:50,ECONOMICA,AVION,Directo (01:05),False,0,1067.0,1067.0,1067.0
2026-09-28 00:04:26,VUELO,2026-09-29,LPB,La Paz,CIJ,Cobija,BOLIVIANA DE AVIACION,OB,400,2026-09-29 08:25,2026-09-29 09:30,ECONOMICA,AVION,Directo (01:05),False,0,846.0,846.0,846.0
2026-09-28 00:04:26,VUELO,2026-09-29,LPB,La Paz,VVI,Santa Cruz,BOLIVIANA DE AVIACION,OB,668,2026-09-29 10:50,2026-09-29 11:55,ECONOMICA,AVION,Directo (01:05),False,0,1067.0,1067.0,1067.0
2026-09-28 00:04:26,VUELO,2026-09-29,LPB,La Paz,VVI,Santa Cruz,BOLIVIANA DE AVIACION,OB,672,2026-09-29 12:00,2026-09-29 13:05,ECONOMICA,AVION,Directo (01:05),False,0,1067.0,1067.0,1067.0
2026-09-28 00:04:26,VUELO,2026-09-29,LPB,La Paz,VVI,Santa Cruz,BOLIVIANA DE AVIACION,OB,680,2026-09-29 15:40,2026-09-29 16:45,ECONOMICA,AVION,Directo (01:05),False,0,1067.0,1067.0,1067.0
2026-09-28 00:04:26,VUELO,2026-09-29,LPB,La Paz,VVI,Santa Cruz,BOLIVIANA DE AVIACION,OB,688,2026-09-29 23:00,2026-09-30 00:05,ECONOMICA,AVION,Directo (01:05),False,0,973.0,973.0,973.0
2026-09-28 00:04:26,VUELO,2026-09-29,LPB,La Paz,SRE,Sucre,BOLIVIANA DE AVIACION,OB,688 / 631 / 572,2026-09-29 23:00,2026-09-30 08:30,ECONOMICA,AVION,"2 escala (VVI, CBB) - 09:30",True,2,1671.0,1671.0,1671.0
2026-09-28 00:04:26,VUELO,2026-09-29,LPB,La Paz,VVI,Santa Cruz,BOLIVIANA DE AVIACION,OB,986,2026-09-29 23:05,2026-09-30 00:10,ECONOMICA,AVION,Directo (01:05),False,0,877.0,877.0,877.0
2026-09-28 00:04:26,VUELO,2026-09-29,LPB,La Paz,SRE,Sucre,BOLIVIANA DE AVIACION,OB,986 / 631 / 572,2026-09-29 23:05,2026-09-30 08:30,ECONOMICA,AVION,"2 escala (VVI, CBB) - 09:25",True,2,1575.0,1575.0,1575.0
2026-09-28 00:04:26,VUELO,2026-09-29,LPB,La Paz,CBB,Cochabamba,BOLIVIANA DE AVIACION,OB,629,2026-09-29 23:50,2026-09-30 00:35,ECONOMICA,AVION,Directo (00:45),False,0,408.0,408.0,408.0
2026-09-28 00:04:26,VUELO,2026-09-29,LPB,La Paz,SRE,Sucre,BOLIVIANA DE AVIACION,OB,629 / 572,2026-09-29 23:50,2026-09-30 08:30,ECONOMICA,AVION,1 escala (CBB) - 08:40,True,1,946.0,946.0,946.0
2026-09-28 00:04:26,VUELO,2026-09-29,ORU,Oruro,CBB,Cochabamba,BOLIVIANA DE AVIACION,OB,325,2026-09-29 15:00,2026-09-29 15:35,ECONOMICA,AVION,Directo (00:35),False,0,376.0,376.0,376.0
2026-09-28 00:04:26,VUELO,2026-09-29,SRE,Sucre,CBB,Cochabamba,BOLIVIANA DE AVIACION,OB,573,2026-09-29 09:05,2026-09-29 09:45,ECONOMICA,AVION,Directo (00:40),False,0,491.0,491.0,491.0
2026-09-28 00:04:26,VUELO,2026-09-29,SRE,Sucre,LPB,La Paz,BOLIVIANA DE AVIACION,OB,579 / 600,2026-09-29 20:45,2026-09-30 05:25,ECONOMICA,AVION,1 escala (CBB) - 08:40,True,1,1091.0,1091.0,1091.0
2026-09-28 00:04:26,VUELO,2026-09-29,SRE,Sucre,CBB,Cochabamba,BOLIVIANA DE AVIACION,OB,579,2026-09-29 20:45,2026-09-29 21:25,ECONOMICA,AVION,Directo (00:40),False,0,538.0,538.0,538.0
2026-09-28 00:04:26,VUELO,2026-09-29,TDD,Trinidad,CBB,Cochabamba,BOLIVIANA DE AVIACION,OB,447,2026-09-29 14:55,2026-09-29 15:45,ECONOMICA,AVION,Directo (00:50),False,0,538.0,538.0,538.0
2026-09-28 00:04:26,VUELO,2026-09-29,TJA,Tarija,CBB,Cochabamba,BOLIVIANA DE AVIACION,OB,525,2026-09-29 08:55,2026-09-29 09:55,ECONOMICA,AVION,Directo (01:00),False,0,876.0,876.0,876.0
2026-09-28 00:04:26,VUELO,2026-09-29,TJA,Tarija,SRE,Sucre,BOLIVIANA DE AVIACION,OB,525 / 578,2026-09-29 08:55,2026-09-29 20:10,ECONOMICA,AVION,1 escala (CBB) - 11:15,True,1,1414.0,1414.0,1414.0
2026-09-28 00:04:26,VUELO,2026-09-29,TJA,Tarija,SRE,Sucre,BOLIVIANA DE AVIACION,OB,525 / 572,2026-09-29 08:55,2026-09-30 08:30,ECONOMICA,AVION,1 escala (CBB) - 23:35,True,1,1414.0,1414.0,1414.0
2026-09-28 00:04:26,VUELO,2026-09-29,UYU,Uyuni,LPB,La Paz,BOLIVIANA DE AVIACION,OB,305,2026-09-29 09:00,2026-09-29 10:00,ECONOMICA,AVION,Directo (01:00),False,0,1280.0,1280.0,1280.0
2026-09-28 00:04:26,BUS,2026-09-30,COCHABAMBA,COCHABAMBA,LA PAZ,LA PAZ,EL DORADO,103,000,2026-09-30 07:30,2026-09-30 14:30,CAMA,CAMA 3 FILAS 40,Directo (7h 0m),False,0,0.0,0.0,0.0
2026-09-28 00:04:26,BUS,2026-09-30,COCHABAMBA,COCHABAMBA,LA PAZ,LA PAZ,BOLIVIA,113,000,2026-09-30 08:30,2026-09-30 16:00,CAMA,CAMA 40,Directo (7h 30m),False,0,0.0,0.0,0.0
2026-09-28 00:04:26,BUS,2026-09-30,COCHABAMBA,COCHABAMBA,LA PAZ,LA PAZ,EL DORADO,103,000,2026-09-30 09:30,2026-09-30 16:30,CAMA,CAMA 3 FILAS 40,Directo (7h 0m),False,0,0.0,0.0,0.0
2026-09-28 00:04:26,BUS,2026-09-30,COCHABAMBA,COCHABAMBA,LA PAZ,LA PAZ,BOLIVIA,113,000,2026-09-30 10:30,2026-09-30 18:00,CAMA,CAMA 40,Directo (7h 30m),False,0,0.0,0.0,0.0
2026-09-28 00:04:26,BUS,2026-09-30,COCHABAMBA,COCHABAMBA,LA PAZ,LA PAZ,EL DORADO,103,000,2026-09-30 10:30,2026-09-30 17:30,CAMA,CAMA 3 FILAS 40,Directo (7h 0m),False,0,0.0,0.0,0.0
2026-09-28 00:04:26,BUS,2026-09-30,COCHABAMBA,COCHABAMBA,LA PAZ,LA PAZ,EL DORADO,103,000,2026-09-30 12:00,2026-09-30 19:00,CAMA,CAMA 3 FILAS 40,Directo (7h 0m),False,0,0.0,0.0,0.0
2026-09-28 00:04:26,BUS,2026-09-30,COCHABAMBA,COCHABAMBA,LA PAZ,LA PAZ,BOLIVIA,113,000,2026-09-30 13:30,2026-09-30 21:00,CAMA,CAMA 40,Directo (7h 30m),False,0,0.0,0.0,0.0
2026-09-28 00:04:26,BUS,2026-09-30,COCHABAMBA,COCHABAMBA,LA PAZ,LA PAZ,EL DORADO,103,000,2026-09-30 15:00,2026-09-30 22:00,CAMA,CAMA 3 FILAS 40,Directo (7h 0m),False,0,0.0,0.0,0.0
2026-09-28 00:04:26,BUS,2026-09-30,COCHABAMBA,COCHABAMBA,LA PAZ,LA PAZ,BOLIVIA,113,000,2026-09-30 16:30,2026-10-01 00:00,CAMA,CAMA 40,Directo (7h 30m),False,0,0.0,0.0,0.0
2026-09-28 00:04:26,BUS,2026-09-30,COCHABAMBA,COCHABAMBA,LA PAZ,LA PAZ,EL DORADO,103,000,2026-09-30 17:00,2026-10-01 00:00,CAMA,CAMA 3 FILAS 40,Directo (7h 0m),False,0,0.0,0.0,0.0
2026-09-28 00:04:26,BUS,2026-09-30,COCHABAMBA,COCHABAMBA,TARIJA,TARIJA,TRANS COPACABANA S.A.,110,160,2026-09-30 17:00,2026-10-01 08:00,CAMA,CAMA TV 43,Directo (15h 0m),False,0,0.0,0.0,0.0
2026-09-28 00:04:26,BUS,2026-09-30,COCHABAMBA,COCHABAMBA,SANTA CRUZ,SANTA CRUZ,TRANS COPACABANA S.A.,110,151,2026-09-30 19:00,2026-10-01 05:00,CAMA,CAMA TV 43,Directo (10h 0m),False,0,0.0,0.0,0.0
2026-09-28 00:04:26,BUS,2026-09-30,COCHABAMBA,COCHABAMBA,SANTA CRUZ,SANTA CRUZ,TRANS COPACABANA S.A.,110,144,2026-09-30 20:00,2026-10-01 06:00,CAMA,CAMA TV 43,Directo (10h 0m),False,0,0.0,0.0,0.0
2026-09-28 00:04:26,BUS,2026-09-30,COCHABAMBA,COCHABAMBA,SANTA CRUZ,SANTA CRUZ,EL DORADO,103,000,2026-09-30 20:00,2026-10-01 08:00,CAMA,CAMA 3 FILAS 40,Directo (12h 0m),False,0,0.0,0.0,0.0
2026-09-28 00:04:26,BUS,2026-09-30,COCHABAMBA,COCHABAMBA,LA PAZ,LA PAZ,EL DORADO,103,000,2026-09-30 20:30,2026-10-01 03:30,CAMA,CAMA 3 FILAS 40,Directo (7h 0m),False,0,0.0,0.0,0.0
2026-09-28 00:04:26,BUS,2026-09-30,COCHABAMBA,COCHABAMBA,POTOSI,POTOSI,EL DORADO,103,000,2026-09-30 21:00,2026-10-01 09:30,CAMA,CAMA 3 FILAS 40,Directo (12h 30m),False,0,0.0,0.0,0.0
2026-09-28 00:04:26,BUS,2026-09-30,COCHABAMBA,COCHABAMBA,POTOSI,POTOSI,TRANS COPACABANA S.A.,110,133,2026-09-30 21:00,2026-10-01 07:00,CAMA,CAMA DD 43,Directo (10h 0m),False,0,0.0,0.0,0.0
2026-09-28 00:04:26,BUS,2026-09-30,COCHABAMBA,COCHABAMBA,SANTA CRUZ,SANTA CRUZ,TRANS COPACABANA S.A.,110,152,2026-09-30 21:00,2026-10-01 07:00,CAMA,CAMA TV 43,Directo (10h 0m),False,0,0.0,0.0,0.0
2026-09-28 00:04:26,BUS,2026-09-30,COCHABAMBA,COCHABAMBA,SUCRE,SUCRE,EL DORADO,103,000,2026-09-30 21:00,2026-10-01 07:00,CAMA,CAMA 3 FILAS 40,Directo (10h 0m),False,0,0.0,0.0,0.0
2026-09-28 00:04:26,BUS,2026-09-30,COCHABAMBA,COCHABAMBA,LA PAZ,LA PAZ,EL DORADO,103,000,2026-09-30 21:30,2026-10-01 04:30,CAMA,CAMA 3 FILAS 40,Directo (7h 0m),False,0,0.0,0.0,0.0
2026-09-28 00:04:26,BUS,2026-09-30,COCHABAMBA,COCHABAMBA,LA PAZ,LA PAZ,TRANS COPACABANA S.A.,110,132,2026-09-30 21:30,2026-10-01 05:30,CAMA,CAMA D - PISO 43,Directo (8h 0m),False,0,0.0,0.0,0.0
2026-09-28 00:04:26,BUS,2026-09-30,COCHABAMBA,COCHABAMBA,LA PAZ,LA PAZ,BOLIVIA,113,000,2026-09-30 21:30,2026-10-01 05:00,CAMA,CAMA 40,Directo (7h 30m),False,0,0.0,0.0,0.0
2026-09-28 00:04:26,BUS,2026-09-30,COCHABAMBA,COCHABAMBA,SUCRE,SUCRE,TRANS COPACABANA S.A.,110,160,2026-09-30 21:30,2026-10-01 04:30,CAMA,CAMA TV 43,Directo (7h 0m),False,0,0.0,0.0,0.0
2026-09-28 00:04:26,BUS,2026-09-30,COCHABAMBA,COCHABAMBA,LA PAZ,LA PAZ,TRANS COPACABANA S.A.,110,132,2026-09-30 22:00,2026-10-01 06:00,CAMA,CAMA D - PISO 43,Directo (8h 0m),False,0,0.0,0.0,0.0
2026-09-28 00:04:26,BUS,2026-09-30,COCHABAMBA,COCHABAMBA,LA PAZ,LA PAZ,BOLIVIA,113,000,2026-09-30 22:00,2026-10-01 05:30,CAMA,CAMA 40,Directo (7h 30m),False,0,0.0,0.0,0.0
2026-09-28 00:04:26,BUS,2026-09-30,COCHABAMBA,COCHABAMBA,LA PAZ,LA PAZ,EL DORADO,103,000,2026-09-30 22:00,2026-10-01 05:00,CAMA,CAMA 3 FILAS 40,Directo (7h 0m),False,0,0.0,0.0,0.0
2026-09-28 00:04:26,BUS,2026-09-30,COCHABAMBA,COCHABAMBA,LA PAZ,LA PAZ,EL DORADO,103,000,2026-09-30 22:30,2026-10-01 05:30,CAMA,CAMA 3 FILAS 40,Directo (7h 0m),False,0,0.0,0.0,0.0
2026-09-28 00:04:26,BUS,2026-09-30,COCHABAMBA,COCHABAMBA,LA PAZ,LA PAZ,TRANS COPACABANA S.A.,110,132,2026-09-30 22:30,2026-10-01 06:30,CAMA,CAMA D - PISO 43,Directo (8h 0m),False,0,0.0,0.0,0.0
2026-09-28 00:04:26,BUS,2026-09-30,COCHABAMBA,COCHABAMBA,LA PAZ,LA PAZ,BOLIVIA,113,000,2026-09-30 22:45,2026-10-01 06:15,CAMA,CAMA 40,Directo (7h 30m),False,0,0.0,0.0,0.0
2026-09-28 00:04:26,BUS,2026-09-30,COCHABAMBA,COCHABAMBA,LA PAZ,LA PAZ,EL DORADO,103,NSH,2026-09-30 22:45,2026-10-01 05:45,SUITE,SUITE Y CAMA 30,Directo (7h 0m),False,0,0.0,0.0,0.0
2026-09-28 00:04:26,BUS,2026-09-30,COCHABAMBA,COCHABAMBA,LA PAZ,LA PAZ,EL DORADO,103,000,2026-09-30 23:00,2026-10-01 06:00,CAMA,CAMA 3 FILAS 40,Directo (7h 0m),False,0,0.0,0.0,0.0
2026-09-28 00:04:26,BUS,2026-09-30,LA PAZ,LA PAZ,COCHABAMBA,COCHABAMBA,TRANS COPACABANA S.A.,110,125,2026-09-30 07:30,2026-09-30 15:30,CAMA,CAMA DD - PISO  43,Directo (8h 0m),False,0,0.0,0.0,0.0
2026-09-28 00:04:26,BUS,2026-09-30,LA PAZ,LA PAZ,COCHABAMBA,COCHABAMBA,EL DORADO,103,000,2026-09-30 08:00,2026-09-30 15:00,CAMA,CAMA 3 FILAS 40,Directo (7h 0m),False,0,0.0,0.0,0.0
2026-09-28 00:04:26,BUS,2026-09-30,LA PAZ,LA PAZ,COCHABAMBA,COCHABAMBA,EL DORADO,103,000,2026-09-30 09:00,2026-09-30 16:00,CAMA,CAMA 3 FILAS 40,Directo (7h 0m),False,0,0.0,0.0,0.0
2026-09-28 00:04:26,BUS,2026-09-30,LA PAZ,LA PAZ,COCHABAMBA,COCHABAMBA,EL DORADO,103,000,2026-09-30 10:30,2026-09-30 17:30,CAMA,CAMA 3 FILAS 40,Directo (7h 0m),False,0,0.0,0.0,0.0
2026-09-28 00:04:26,BUS,2026-09-30,LA PAZ,LA PAZ,COCHABAMBA,COCHABAMBA,EL DORADO,103,000,2026-09-30 11:00,2026-09-30 18:00,CAMA,CAMA 3 FILAS 40,Directo (7h 0m),False,0,0.0,0.0,0.0
2026-09-28 00:04:26,BUS,2026-09-30,LA PAZ,LA PAZ,COCHABAMBA,COCHABAMBA,TRANS COPACABANA S.A.,110,128,2026-09-30 11:30,2026-09-30 19:30,CAMA,CAMA D - PISO 43,Directo (8h 0m),False,0,0.0,0.0,0.0
2026-09-28 00:04:26,BUS,2026-09-30,LA PAZ,LA PAZ,COCHABAMBA,COCHABAMBA,EL DORADO,103,000,2026-09-30 12:30,2026-09-30 19:30,CAMA,CAMA 3 FILAS 40,Directo (7h 0m),False,0,0.0,0.0,0.0
2026-09-28 00:04:26,BUS,2026-09-30,LA PAZ,LA PAZ,SANTA CRUZ,SANTA CRUZ,EL DORADO,103,000,2026-09-30 12:30,2026-10-01 05:30,CAMA,CAMA 3 FILAS 40,Directo (17h 0m),False,0,0.0,0.0,0.0
2026-09-28 00:04:26,BUS,2026-09-30,LA PAZ,LA PAZ,COCHABAMBA,COCHABAMBA,EL DORADO,103,000,2026-09-30 13:00,2026-09-30 20:00,CAMA,CAMA 3 FILAS 40,Directo (7h 0m),False,0,0.0,0.0,0.0
2026-09-28 00:04:26,BUS,2026-09-30,LA PAZ,LA PAZ,COCHABAMBA,COCHABAMBA,EL DORADO,103,000,2026-09-30 14:00,2026-09-30 21:00,CAMA,CAMA 3 FILAS 40,Directo (7h 0m),False,0,0.0,0.0,0.0
2026-09-28 00:04:26,BUS,2026-09-30,LA PAZ,LA PAZ,SANTA CRUZ,SANTA CRUZ,TRANS COPACABANA S.A.,110,145,2026-09-30 14:00,2026-10-01 07:00,CAMA,CAMA TV 43,Directo (17h 0m),False,0,0.0,0.0,0.0
2026-09-28 00:04:26,BUS,2026-09-30,LA PAZ,LA PAZ,COCHABAMBA,COCHABAMBA,EL DORADO,103,000,2026-09-30 15:30,2026-09-30 22:30,CAMA,CAMA 3 FILAS 40,Directo (7h 0m),False,0,0.0,0.0,0.0
2026-09-28 00:04:26,BUS,2026-09-30,LA PAZ,LA PAZ,COCHABAMBA,COCHABAMBA,TRANS COPACABANA S.A.,110,134,2026-09-30 16:00,2026-10-01 00:00,CAMA,CAMA DD 43,Directo (8h 0m),False,0,0.0,0.0,0.0
2026-09-28 00:04:26,BUS,2026-09-30,LA PAZ,LA PAZ,SANTA CRUZ,SANTA CRUZ,TRANS COPACABANA S.A.,110,156,2026-09-30 16:30,2026-10-01 09:30,CAMA,CAMA TV 43,Directo (17h 0m),False,0,0.0,0.0,0.0
2026-09-28 00:04:26,BUS,2026-09-30,LA PAZ,LA PAZ,COCHABAMBA,COCHABAMBA,EL DORADO,103,000,2026-09-30 17:00,2026-10-01 00:00,CAMA,CAMA 3 FILAS 40,Directo (7h 0m),False,0,0.0,0.0,0.0
2026-09-28 00:04:26,BUS,2026-09-30,LA PAZ,LA PAZ,SANTA CRUZ,SANTA CRUZ,EL DORADO,103,000,2026-09-30 17:00,2026-10-01 10:00,CAMA,CAMA 3 FILAS 40,Directo (17h 0m),False,0,0.0,0.0,0.0
2026-09-28 00:04:26,BUS,2026-09-30,LA PAZ,LA PAZ,SANTA CRUZ,SANTA CRUZ,TRANS COPACABANA S.A.,110,160,2026-09-30 17:30,2026-10-01 10:30,CAMA,CAMA TV 43,Directo (17h 0m),False,0,0.0,0.0,0.0
2026-09-28 00:04:26,BUS,2026-09-30,LA PAZ,LA PAZ,TARIJA,TARIJA,TRANS COPACABANA S.A.,110,160,2026-09-30 18:30,2026-10-01 11:30,CAMA,CAMA TV 43,Directo (17h 0m),False,0,0.0,0.0,0.0
2026-09-28 00:04:26,BUS,2026-09-30,LA PAZ,LA PAZ,COCHABAMBA,COCHABAMBA,EL DORADO,103,000,2026-09-30 19:00,2026-10-01 02:00,CAMA,CAMA 3 FILAS 40,Directo (7h 0m),False,0,0.0,0.0,0.0
2026-09-28 00:04:26,BUS,2026-09-30,LA PAZ,LA PAZ,SANTA CRUZ,SANTA CRUZ,TRANS COPACABANA S.A.,110,150,2026-09-30 19:00,2026-10-01 12:00,CAMA,CAMA TV 43,Directo (17h 0m),False,0,0.0,0.0,0.0
2026-09-28 00:04:26,BUS,2026-09-30,LA PAZ,LA PAZ,TARIJA,TARIJA,ROYAL CLASS,144,5310UIG,2026-09-30 19:00,2026-10-01 10:00,CAMA,SUITE - CAMA,Directo (15h 0m),False,0,400.0,400.0,300.0
2026-09-28 00:04:26,BUS,2026-09-30,LA PAZ,LA PAZ,SANTA CRUZ,SANTA CRUZ,EL DORADO,103,000,2026-09-30 19:30,2026-10-01 12:30,CAMA,CAMA 3 FILAS 40,Directo (17h 0m),False,0,0.0,0.0,0.0
2026-09-28 00:04:26,BUS,2026-09-30,LA PAZ,LA PAZ,SUCRE,SUCRE,EL DORADO,103,NSH,2026-09-30 19:30,2026-10-01 07:30,SUITE,SUITE Y CAMA 30,Directo (12h 0m),False,0,0.0,0.0,0.0
2026-09-28 00:04:26,BUS,2026-09-30,LA PAZ,LA PAZ,SUCRE,SUCRE,TRANS COPACABANA S.A.,110,153,2026-09-30 19:30,2026-10-01 07:30,CAMA,CAMA TV 43,Directo (12h 0m),False,0,0.0,0.0,0.0
2026-09-28 00:04:26,BUS,2026-09-30,LA PAZ,LA PAZ,COCHABAMBA,COCHABAMBA,TRANS COPACABANA S.A.,110,118,2026-09-30 20:30,2026-10-01 04:30,CAMA,CAMA DD - PISO  43,Directo (8h 0m),False,0,0.0,0.0,0.0
2026-09-28 00:04:26,BUS,2026-09-30,LA PAZ,LA PAZ,COCHABAMBA,COCHABAMBA,EL DORADO,103,000,2026-09-30 20:30,2026-10-01 03:30,CAMA,CAMA 3 FILAS 40,Directo (7h 0m),False,0,0.0,0.0,0.0
2026-09-28 00:04:26,BUS,2026-09-30,LA PAZ,LA PAZ,COCHABAMBA,COCHABAMBA,EL DORADO,103,000,2026-09-30 21:00,2026-10-01 04:00,CAMA,CAMA 3 FILAS 40,Directo (7h 0m),False,0,0.0,0.0,0.0
2026-09-28 00:04:26,BUS,2026-09-30,LA PAZ,LA PAZ,POTOSI,POTOSI,TRANS COPACABANA S.A.,110,165,2026-09-30 21:00,2026-10-01 06:00,CAMA,CAMA TV 46,Directo (9h 0m),False,0,0.0,0.0,0.0
2026-09-28 00:04:26,BUS,2026-09-30,LA PAZ,LA PAZ,COCHABAMBA,COCHABAMBA,TRANS COPACABANA S.A.,110,130,2026-09-30 21:30,2026-10-01 05:30,CAMA,CAMA D - PISO 43,Directo (8h 0m),False,0,0.0,0.0,0.0
2026-09-28 00:04:26,BUS,2026-09-30,LA PAZ,LA PAZ,COCHABAMBA,COCHABAMBA,EL DORADO,103,000,2026-09-30 21:30,2026-10-01 04:30,CAMA,CAMA 3 FILAS 40,Directo (7h 0m),False,0,0.0,0.0,0.0
2026-09-28 00:04:26,BUS,2026-09-30,LA PAZ,LA PAZ,POTOSI,POTOSI,EL DORADO,103,000,2026-09-30 21:30,2026-10-01 06:30,CAMA,CAMA 3 FILAS 40,Directo (9h 0m),False,0,0.0,0.0,0.0
2026-09-28 00:04:26,BUS,2026-09-30,LA PAZ,LA PAZ,COCHABAMBA,COCHABAMBA,TRANS COPACABANA S.A.,110,136,2026-09-30 22:00,2026-10-01 06:00,CAMA,CAMA DD 43,Directo (8h 0m),False,0,0.0,0.0,0.0
2026-09-28 00:04:26,BUS,2026-09-30,LA PAZ,LA PAZ,COCHABAMBA,COCHABAMBA,EL DORADO,103,000,2026-09-30 22:00,2026-10-01 05:00,CAMA,CAMA 3 FILAS 40,Directo (7h 0m),False,0,0.0,0.0,0.0
2026-09-28 00:04:26,BUS,2026-09-30,LA PAZ,LA PAZ,COCHABAMBA,COCHABAMBA,TRANS COPACABANA S.A.,110,150,2026-09-30 22:30,2026-10-01 06:30,CAMA,CAMA TV 43,Directo (8h 0m),False,0,0.0,0.0,0.0
2026-09-28 00:04:26,BUS,2026-09-30,LA PAZ,LA PAZ,COCHABAMBA,COCHABAMBA,EL DORADO,103,000,2026-09-30 22:30,2026-10-01 05:30,CAMA,CAMA 3 FILAS 40,Directo (7h 0m),False,0,0.0,0.0,0.0
2026-09-28 00:04:26,BUS,2026-09-30,LA PAZ,LA PAZ,COCHABAMBA,COCHABAMBA,TRANS COPACABANA S.A.,110,144,2026-09-30 23:00,2026-10-01 07:00,CAMA,CAMA TV 43,Directo (8h 0m),False,0,0.0,0.0,0.0
2026-09-28 00:04:26,BUS,2026-09-30,LA PAZ,LA PAZ,COCHABAMBA,COCHABAMBA,EL DORADO,103,000,2026-09-30 23:00,2026-10-01 06:00,CAMA,CAMA 3 FILAS 40,Directo (7h 0m),False,0,0.0,0.0,0.0
2026-09-28 00:04:26,BUS,2026-09-30,ORURO,ORURO,COCHABAMBA,COCHABAMBA,TRANS COPACABANA S.A.,110,114,2026-09-30 08:30,2026-09-30 13:30,CAMA,CAMA DD - PISO  43,Directo (5h 0m),False,0,0.0,0.0,0.0
2026-09-28 00:04:26,BUS,2026-09-30,ORURO,ORURO,COCHABAMBA,COCHABAMBA,TRANS COPACABANA S.A.,110,112,2026-09-30 10:00,2026-09-30 15:00,CAMA,CAMA DD - PISO  43,Directo (5h 0m),False,0,0.0,0.0,0.0
2026-09-28 00:04:26,BUS,2026-09-30,ORURO,ORURO,COCHABAMBA,COCHABAMBA,TRANS COPACABANA S.A.,110,112,2026-09-30 13:30,2026-09-30 18:30,CAMA,CAMA DD - PISO  43,Directo (5h 0m),False,0,0.0,0.0,0.0
2026-09-28 00:04:26,BUS,2026-09-30,ORURO,ORURO,COCHABAMBA,COCHABAMBA,TRANS COPACABANA S.A.,110,112,2026-09-30 16:00,2026-09-30 21:00,CAMA,CAMA DD - PISO  43,Directo (5h 0m),False,0,0.0,0.0,0.0
2026-09-28 00:04:26,BUS,2026-09-30,ORURO,ORURO,COCHABAMBA,COCHABAMBA,TRANS COPACABANA S.A.,110,113,2026-09-30 19:00,2026-10-01 00:00,CAMA,CAMA DD - PISO  43,Directo (5h 0m),False,0,0.0,0.0,0.0
2026-09-28 00:04:26,BUS,2026-09-30,POTOSI,POTOSI,COCHABAMBA,COCHABAMBA,TRANS COPACABANA S.A.,110,150,2026-09-30 21:30,2026-10-01 07:30,CAMA,CAMA TV 43,Directo (10h 0m),False,0,0.0,0.0,0.0
2026-09-28 00:04:26,BUS,2026-09-30,POTOSI,POTOSI,LA PAZ,LA PAZ,TRANS COPACABANA S.A.,110,145,2026-09-30 22:00,2026-10-01 07:00,CAMA,CAMA TV 43,Directo (9h 0m),False,0,0.0,0.0,0.0
2026-09-28 00:04:26,BUS,2026-09-30,SANTA CRUZ,SANTA CRUZ,COCHABAMBA,COCHABAMBA,TRANS COPACABANA S.A.,110,145,2026-09-30 08:30,2026-09-30 18:30,CAMA,CAMA TV 43,Directo (10h 0m),False,0,0.0,0.0,0.0
2026-09-28 00:04:26,BUS,2026-09-30,SANTA CRUZ,SANTA CRUZ,LA PAZ,LA PAZ,TRANS COPACABANA S.A.,110,155,2026-09-30 14:00,2026-10-01 07:00,CAMA,CAMA TV 43,Directo (17h 0m),False,0,0.0,0.0,0.0
2026-09-28 00:04:26,BUS,2026-09-30,SANTA CRUZ,SANTA CRUZ,LA PAZ,LA PAZ,TRANS COPACABANA S.A.,110,155,2026-09-30 16:30,2026-10-01 09:30,CAMA,CAMA TV 43,Directo (17h 0m),False,0,0.0,0.0,0.0
2026-09-28 00:04:26,BUS,2026-09-30,SANTA CRUZ,SANTA CRUZ,LA PAZ,LA PAZ,TRANS COPACABANA S.A.,110,155,2026-09-30 17:30,2026-10-01 10:30,CAMA,CAMA TV 43,Directo (17h 0m),False,0,0.0,0.0,0.0
2026-09-28 00:04:26,BUS,2026-09-30,SANTA CRUZ,SANTA CRUZ,COCHABAMBA,COCHABAMBA,TRANS COPACABANA S.A.,110,127,2026-09-30 19:00,2026-10-01 05:00,CAMA,CAMA D - PISO 43,Directo (10h 0m),False,0,0.0,0.0,0.0
2026-09-28 00:04:26,BUS,2026-09-30,SANTA CRUZ,SANTA CRUZ,TARIJA,TARIJA,TRANS COPACABANA S.A.,110,163,2026-09-30 19:00,2026-10-01 07:00,CAMA,CAMA TV 43,Directo (12h 0m),False,0,0.0,0.0,0.0
2026-09-28 00:04:26,BUS,2026-09-30,SANTA CRUZ,SANTA CRUZ,LA PAZ,LA PAZ,TRANS COPACABANA S.A.,110,155,2026-09-30 19:30,2026-10-01 12:30,CAMA,CAMA TV 43,Directo (17h 0m),False,0,0.0,0.0,0.0
2026-09-28 00:04:26,BUS,2026-09-30,SANTA CRUZ,SANTA CRUZ,COCHABAMBA,COCHABAMBA,TRANS COPACABANA S.A.,110,142,2026-09-30 20:00,2026-10-01 06:00,CAMA,CAMA TV 43,Directo (10h 0m),False,0,0.0,0.0,0.0
2026-09-28 00:04:26,BUS,2026-09-30,SANTA CRUZ,SANTA CRUZ,YACUIBA,YACUIBA,LA QUERIDA,142,5597NSR,2026-09-30 20:15,2026-10-01 05:15,CAMA,CAMA LEITO,Directo (9h 0m),False,0,209.0,250.0,180.0
2026-09-28 00:04:26,BUS,2026-09-30,SANTA CRUZ,SANTA CRUZ,COCHABAMBA,COCHABAMBA,TRANS COPACABANA S.A.,110,151,2026-09-30 21:00,2026-10-01 07:00,CAMA,CAMA TV 43,Directo (10h 0m),False,0,0.0,0.0,0.0
2026-09-28 00:04:26,BUS,2026-09-30,SANTA CRUZ,SANTA CRUZ,YACUIBA,YACUIBA,TRANS COPACABANA S.A.,110,129,2026-09-30 21:00,2026-10-01 06:00,CAMA,CAMA D - PISO 43,Directo (9h 0m),False,0,0.0,0.0,0.0
2026-09-28 00:04:26,BUS,2026-09-30,SANTA CRUZ,SANTA CRUZ,COCHABAMBA,COCHABAMBA,TRANS COPACABANA S.A.,110,140,2026-09-30 21:30,2026-10-01 07:30,CAMA,CAMA TV 43,Directo (10h 0m),False,0,0.0,0.0,0.0
2026-09-28 00:04:26,BUS,2026-09-30,SANTA CRUZ,SANTA CRUZ,TRINIDAD,TRINIDAD,TRANS COPACABANA S.A.,110,131,2026-09-30 21:30,2026-10-01 06:30,CAMA,CAMA D - PISO 43,Directo (9h 0m),False,0,0.0,0.0,0.0
2026-09-28 00:04:26,BUS,2026-09-30,SUCRE,SUCRE,LA PAZ,LA PAZ,TRANS COPACABANA S.A.,110,151,2026-09-30 19:30,2026-10-01 07:30,CAMA,CAMA TV 43,Directo (12h 0m),False,0,0.0,0.0,0.0
2026-09-28 00:04:26,BUS,2026-09-30,SUCRE,SUCRE,COCHABAMBA,COCHABAMBA,TRANS COPACABANA S.A.,110,140,2026-09-30 21:00,2026-10-01 04:00,CAMA,CAMA TV 43,Directo (7h 0m),False,0,0.0,0.0,0.0
2026-09-28 00:04:26,BUS,2026-09-30,TARIJA,TARIJA,COCHABAMBA,COCHABAMBA,TRANS COPACABANA S.A.,110,150,2026-09-30 18:00,2026-10-01 09:00,CAMA,CAMA TV 43,Directo (15h 0m),False,0,0.0,0.0,0.0
2026-09-28 00:04:26,BUS,2026-09-30,TARIJA,TARIJA,LA PAZ,LA PAZ,ROYAL CLASS,144,5310UKK,2026-09-30 18:30,2026-10-01 09:30,CAMA,LEITO 3 FILAS,Directo (15h 0m),False,0,400.0,450.0,300.0
2026-09-28 00:04:26,BUS,2026-09-30,TARIJA,TARIJA,SANTA CRUZ,SANTA CRUZ,TRANS COPACABANA S.A.,110,160,2026-09-30 19:00,2026-10-01 07:30,CAMA,CAMA TV 43,Directo (12h 30m),False,0,356.0,356.0,356.0
2026-09-28 00:04:26,BUS,2026-09-30,TARIJA,TARIJA,LA PAZ,LA PAZ,TRANS COPACABANA S.A.,110,150,2026-09-30 19:30,2026-10-01 12:30,CAMA,CAMA TV 43,Directo (17h 0m),False,0,0.0,0.0,0.0
2026-09-28 00:04:26,BUS,2026-09-30,TRINIDAD,TRINIDAD,SANTA CRUZ,SANTA CRUZ,TRANS COPACABANA S.A.,110,147,2026-09-30 21:30,2026-10-01 06:30,CAMA,CAMA TV 43,Directo (9h 0m),False,0,0.0,0.0,0.0
2026-09-28 00:04:26,BUS,2026-09-30,YACUIBA,YACUIBA,SANTA CRUZ,SANTA CRUZ,TRANS COPACABANA S.A.,110,150,2026-09-30 21:00,2026-10-01 06:00,CAMA,CAMA TV 43,Directo (9h 0m),False,0,0.0,0.0,0.0
2026-09-28 00:04:26,VUELO,2026-09-30,CBB,Cochabamba,LPB,La Paz,BOLIVIANA DE AVIACION,OB,600,2026-09-30 04:40,2026-09-30 05:25,ECONOMICA,AVION,Directo (00:45),False,0,553.0,553.0,553.0
2026-09-28 00:04:26,VUELO,2026-09-30,CBB,Cochabamba,VVI,Santa Cruz,BOLIVIANA DE AVIACION,OB,600 / 662,2026-09-30 04:40,2026-09-30 08:35,ECONOMICA,AVION,1 escala (LPB) - 03:55,True,1,1605.0,1605.0,1605.0
2026-09-28 00:04:26,VUELO,2026-09-30,CBB,COCHABAMBA,VVI,SANTA CRUZ,TAMep,2E,8710,2026-09-30 06:00,2026-09-30 06:50,ECONOMICA,AVION,Directo (00:50),False,0,574.0,574.0,574.0
2026-09-28 00:04:26,VUELO,2026-09-30,CBB,Cochabamba,SRE,Sucre,BOLIVIANA DE AVIACION,OB,572,2026-09-30 07:50,2026-09-30 08:30,ECONOMICA,AVION,Directo (00:40),False,0,538.0,538.0,538.0
2026-09-28 00:04:26,VUELO,2026-09-30,CBB,Cochabamba,TDD,Trinidad,BOLIVIANA DE AVIACION,OB,446,2026-09-30 13:30,2026-09-30 14:25,ECONOMICA,AVION,Directo (00:55),False,0,596.0,596.0,596.0
2026-09-28 00:04:26,VUELO,2026-09-30,CBB,Cochabamba,ORU,Oruro,BOLIVIANA DE AVIACION,OB,324,2026-09-30 13:50,2026-09-30 14:25,ECONOMICA,AVION,Directo (00:35),False,0,376.0,376.0,376.0
2026-09-28 00:04:26,VUELO,2026-09-30,CBB,COCHABAMBA,VVI,SANTA CRUZ,TAMep,2E,8734,2026-09-30 17:00,2026-09-30 17:50,ECONOMICA,AVION,Directo (00:50),False,0,503.0,503.0,503.0
2026-09-28 00:04:26,VUELO,2026-09-30,CBB,Cochabamba,SRE,Sucre,BOLIVIANA DE AVIACION,OB,578,2026-09-30 19:30,2026-09-30 20:10,ECONOMICA,AVION,Directo (00:40),False,0,397.0,397.0,397.0
2026-09-28 00:04:26,VUELO,2026-09-30,CBB,Cochabamba,LPB,La Paz,BOLIVIANA DE AVIACION,OB,652 / 983,2026-09-30 19:40,2026-09-30 22:15,ECONOMICA,AVION,1 escala (VVI) - 02:35,True,1,1765.0,1765.0,1765.0
2026-09-28 00:04:26,VUELO,2026-09-30,CBB,Cochabamba,LPB,La Paz,BOLIVIANA DE AVIACION,OB,652 / 685,2026-09-30 19:40,2026-09-30 22:55,ECONOMICA,AVION,1 escala (VVI) - 03:15,True,1,1765.0,1765.0,1765.0
2026-09-28 00:04:26,VUELO,2026-09-30,CBB,Cochabamba,VVI,Santa Cruz,BOLIVIANA DE AVIACION,OB,652,2026-09-30 19:40,2026-09-30 20:30,ECONOMICA,AVION,Directo (00:50),False,0,713.0,713.0,713.0
2026-09-28 00:04:26,VUELO,2026-09-30,CIJ,Cobija,LPB,La Paz,BOLIVIANA DE AVIACION,OB,401,2026-09-30 10:00,2026-09-30 11:10,ECONOMICA,AVION,Directo (01:10),False,0,846.0,846.0,846.0
2026-09-28 00:04:26,VUELO,2026-09-30,LPB,La Paz,VVI,Santa Cruz,BOLIVIANA DE AVIACION,OB,660,2026-09-30 04:45,2026-09-30 05:50,ECONOMICA,AVION,Directo (01:05),False,0,783.0,783.0,783.0
2026-09-28 00:04:26,VUELO,2026-09-30,LPB,La Paz,VVI,Santa Cruz,BOLIVIANA DE AVIACION,OB,662,2026-09-30 07:30,2026-09-30 08:35,ECONOMICA,AVION,Directo (01:05),False,0,1067.0,1067.0,1067.0
2026-09-28 00:04:26,VUELO,2026-09-30,LPB,La Paz,CIJ,Cobija,BOLIVIANA DE AVIACION,OB,400,2026-09-30 08:25,2026-09-30 09:30,ECONOMICA,AVION,Directo (01:05),False,0,846.0,846.0,846.0
2026-09-28 00:04:26,VUELO,2026-09-30,LPB,La Paz,VVI,Santa Cruz,BOLIVIANA DE AVIACION,OB,668,2026-09-30 10:50,2026-09-30 11:55,ECONOMICA,AVION,Directo (01:05),False,0,973.0,973.0,973.0
2026-09-28 00:04:26,VUELO,2026-09-30,LPB,La Paz,VVI,Santa Cruz,BOLIVIANA DE AVIACION,OB,672,2026-09-30 12:00,2026-09-30 13:05,ECONOMICA,AVION,Directo (01:05),False,0,877.0,877.0,877.0
2026-09-28 00:04:26,VUELO,2026-09-30,LPB,LA PAZ,VVI,SANTA CRUZ,TAMep,2E,8724,2026-09-30 12:30,2026-09-30 13:40,ECONOMICA,AVION,Directo (01:10),False,0,843.0,843.0,843.0
2026-09-28 00:04:26,VUELO,2026-09-30,LPB,La Paz,VVI,Santa Cruz,BOLIVIANA DE AVIACION,OB,680,2026-09-30 15:40,2026-09-30 16:45,ECONOMICA,AVION,Directo (01:05),False,0,1067.0,1067.0,1067.0
2026-09-28 00:04:26,VUELO,2026-09-30,LPB,La Paz,VVI,Santa Cruz,BOLIVIANA DE AVIACION,OB,688,2026-09-30 23:00,2026-10-01 00:05,ECONOMICA,AVION,Directo (01:05),False,0,877.0,877.0,877.0
2026-09-28 00:04:26,VUELO,2026-09-30,LPB,La Paz,SRE,Sucre,BOLIVIANA DE AVIACION,OB,688 / 282,2026-09-30 23:00,2026-10-01 08:30,ECONOMICA,AVION,1 escala (VVI) - 09:30,True,1,1458.0,1458.0,1458.0
2026-09-28 00:04:26,VUELO,2026-09-30,LPB,La Paz,SRE,Sucre,BOLIVIANA DE AVIACION,OB,688 / 631 / 572,2026-09-30 23:00,2026-10-01 08:30,ECONOMICA,AVION,"2 escala (VVI, CBB) - 09:30",True,2,1575.0,1575.0,1575.0
2026-09-28 00:04:26,VUELO,2026-09-30,LPB,La Paz,TJA,Tarija,BOLIVIANA DE AVIACION,OB,688 / 631 / 524,2026-09-30 23:00,2026-10-01 08:25,ECONOMICA,AVION,"2 escala (VVI, CBB) - 09:25",True,2,1825.0,1825.0,1825.0
2026-09-28 00:04:26,VUELO,2026-09-30,LPB,La Paz,VVI,Santa Cruz,BOLIVIANA DE AVIACION,OB,986,2026-09-30 23:05,2026-10-01 00:10,ECONOMICA,AVION,Directo (01:05),False,0,783.0,783.0,783.0
2026-09-28 00:04:26,VUELO,2026-09-30,LPB,La Paz,SRE,Sucre,BOLIVIANA DE AVIACION,OB,986 / 282,2026-09-30 23:05,2026-10-01 08:30,ECONOMICA,AVION,1 escala (VVI) - 09:25,True,1,1364.0,1364.0,1364.0
2026-09-28 00:04:26,VUELO,2026-09-30,LPB,La Paz,SRE,Sucre,BOLIVIANA DE AVIACION,OB,986 / 631 / 572,2026-09-30 23:05,2026-10-01 08:30,ECONOMICA,AVION,"2 escala (VVI, CBB) - 09:25",True,2,1481.0,1481.0,1481.0
2026-09-28 00:04:26,VUELO,2026-09-30,LPB,La Paz,TJA,Tarija,BOLIVIANA DE AVIACION,OB,986 / 631 / 524,2026-09-30 23:05,2026-10-01 08:25,ECONOMICA,AVION,"2 escala (VVI, CBB) - 09:20",True,2,1730.0,1730.0,1730.0
2026-09-28 00:04:26,VUELO,2026-09-30,ORU,Oruro,VVI,Santa Cruz,BOLIVIANA DE AVIACION,OB,325 / 652,2026-09-30 15:00,2026-09-30 20:30,ECONOMICA,AVION,1 escala (CBB) - 05:30,True,1,981.0,981.0,981.0
2026-09-28 00:04:26,VUELO,2026-09-30,ORU,Oruro,CBB,Cochabamba,BOLIVIANA DE AVIACION,OB,325,2026-09-30 15:00,2026-09-30 15:35,ECONOMICA,AVION,Directo (00:35),False,0,376.0,376.0,376.0
2026-09-28 00:04:26,VUELO,2026-09-30,SRE,Sucre,CBB,Cochabamba,BOLIVIANA DE AVIACION,OB,573,2026-09-30 09:05,2026-09-30 09:45,ECONOMICA,AVION,Directo (00:40),False,0,397.0,397.0,397.0
2026-09-28 00:04:26,VUELO,2026-09-30,SRE,Sucre,TJA,Tarija,BOLIVIANA DE AVIACION,OB,573 / 524,2026-09-30 09:05,2026-10-01 08:25,ECONOMICA,AVION,1 escala (CBB) - 23:20,True,1,1273.0,1273.0,1273.0
2026-09-28 00:04:26,VUELO,2026-09-30,SRE,Sucre,LPB,La Paz,BOLIVIANA DE AVIACION,OB,579 / 630 / 663,2026-09-30 20:45,2026-10-01 07:35,ECONOMICA,AVION,"2 escala (CBB, VVI) - 10:50",True,2,2051.0,2051.0,2051.0
2026-09-28 00:04:26,VUELO,2026-09-30,SRE,Sucre,CBB,Cochabamba,BOLIVIANA DE AVIACION,OB,579,2026-09-30 20:45,2026-09-30 21:25,ECONOMICA,AVION,Directo (00:40),False,0,444.0,444.0,444.0
2026-09-28 00:04:26,VUELO,2026-09-30,SRE,Sucre,TJA,Tarija,BOLIVIANA DE AVIACION,OB,579 / 524,2026-09-30 20:45,2026-10-01 08:25,ECONOMICA,AVION,1 escala (CBB) - 11:40,True,1,1320.0,1320.0,1320.0
2026-09-28 00:04:26,VUELO,2026-09-30,TDD,Trinidad,LPB,La Paz,BOLIVIANA DE AVIACION,OB,447 / 652 / 983,2026-09-30 14:55,2026-09-30 22:15,ECONOMICA,AVION,"2 escala (CBB, VVI) - 07:20",True,2,1881.0,1881.0,1881.0
2026-09-28 00:04:26,VUELO,2026-09-30,TDD,Trinidad,LPB,La Paz,BOLIVIANA DE AVIACION,OB,447 / 652 / 685,2026-09-30 14:55,2026-09-30 22:55,ECONOMICA,AVION,"2 escala (CBB, VVI) - 08:00",True,2,1881.0,1881.0,1881.0
2026-09-28 00:04:26,VUELO,2026-09-30,TDD,Trinidad,VVI,Santa Cruz,BOLIVIANA DE AVIACION,OB,447 / 652,2026-09-30 14:55,2026-09-30 20:30,ECONOMICA,AVION,1 escala (CBB) - 05:35,True,1,829.0,829.0,829.0
2026-09-28 00:04:26,VUELO,2026-09-30,TDD,Trinidad,CBB,Cochabamba,BOLIVIANA DE AVIACION,OB,447,2026-09-30 14:55,2026-09-30 15:45,ECONOMICA,AVION,Directo (00:50),False,0,538.0,538.0,538.0
2026-09-28 00:04:26,VUELO,2026-09-30,TJA,Tarija,VVI,Santa Cruz,BOLIVIANA DE AVIACION,OB,525 / 652,2026-09-30 08:55,2026-09-30 20:30,ECONOMICA,AVION,1 escala (CBB) - 11:35,True,1,1357.0,1357.0,1357.0
2026-09-28 00:04:26,VUELO,2026-09-30,TJA,Tarija,CBB,Cochabamba,BOLIVIANA DE AVIACION,OB,525,2026-09-30 08:55,2026-09-30 09:55,ECONOMICA,AVION,Directo (01:00),False,0,644.0,644.0,644.0
2026-09-28 00:04:26,VUELO,2026-09-30,TJA,Tarija,SRE,Sucre,BOLIVIANA DE AVIACION,OB,525 / 578,2026-09-30 08:55,2026-09-30 20:10,ECONOMICA,AVION,1 escala (CBB) - 11:15,True,1,1041.0,1041.0,1041.0
2026-09-28 00:04:26,VUELO,2026-09-30,TJA,Tarija,SRE,Sucre,BOLIVIANA DE AVIACION,OB,525 / 572,2026-09-30 08:55,2026-10-01 08:30,ECONOMICA,AVION,1 escala (CBB) - 23:35,True,1,1182.0,1182.0,1182.0
2026-09-28 00:04:26,VUELO,2026-09-30,TJA,Tarija,SRE,Sucre,BOLIVIANA DE AVIACION,OB,525 / 132 / 282,2026-09-30 08:55,2026-10-01 08:30,ECONOMICA,AVION,"2 escala (CBB, VVI) - 23:35",True,2,1357.0,1357.0,1357.0
2026-09-28 00:04:26,VUELO,2026-09-30,TJA,Tarija,SRE,Sucre,BOLIVIANA DE AVIACION,OB,525 / 630 / 282,2026-09-30 08:55,2026-10-01 08:30,ECONOMICA,AVION,"2 escala (CBB, VVI) - 23:35",True,2,1357.0,1357.0,1357.0
2026-09-28 00:04:26,VUELO,2026-09-30,TJA,Tarija,SRE,Sucre,BOLIVIANA DE AVIACION,OB,525 / 652 / 282,2026-09-30 08:55,2026-10-01 08:30,ECONOMICA,AVION,"2 escala (CBB, VVI) - 23:35",True,2,1937.0,1937.0,1937.0
2026-09-28 00:04:26,VUELO,2026-09-30,TJA,Tarija,LPB,La Paz,BOLIVIANA DE AVIACION,OB,533 / 630 / 663,2026-09-30 20:45,2026-10-01 07:35,ECONOMICA,AVION,"2 escala (CBB, VVI) - 10:50",True,2,2406.0,2406.0,2406.0
2026-09-28 00:04:26,VUELO,2026-09-30,TJA,Tarija,VVI,Santa Cruz,BOLIVIANA DE AVIACION,OB,533 / 630,2026-09-30 20:45,2026-10-01 05:25,ECONOMICA,AVION,1 escala (CBB) - 08:40,True,1,1449.0,1449.0,1449.0
2026-09-28 00:04:26,VUELO,2026-09-30,TJA,Tarija,VVI,Santa Cruz,BOLIVIANA DE AVIACION,OB,533 / 132,2026-09-30 20:45,2026-10-01 07:15,ECONOMICA,AVION,1 escala (CBB) - 10:30,True,1,1512.0,1512.0,1512.0
2026-09-28 00:04:26,VUELO,2026-09-30,TJA,Tarija,VVI,Santa Cruz,BOLIVIANA DE AVIACION,OB,533 / 634,2026-09-30 20:45,2026-10-01 07:50,ECONOMICA,AVION,1 escala (CBB) - 11:05,True,1,1512.0,1512.0,1512.0
2026-09-28 00:04:26,VUELO,2026-09-30,TJA,Tarija,VVI,Santa Cruz,BOLIVIANA DE AVIACION,OB,533 / 572 / 283,2026-09-30 20:45,2026-10-01 09:45,ECONOMICA,AVION,"2 escala (CBB, SRE) - 13:00",True,2,1903.0,1903.0,1903.0
2026-09-28 00:04:26,VUELO,2026-09-30,TJA,Tarija,CBB,Cochabamba,BOLIVIANA DE AVIACION,OB,533,2026-09-30 20:45,2026-09-30 21:45,ECONOMICA,AVION,Directo (01:00),False,0,799.0,799.0,799.0
2026-09-28 00:04:26,VUELO,2026-09-30,TJA,Tarija,SRE,Sucre,BOLIVIANA DE AVIACION,OB,533 / 572,2026-09-30 20:45,2026-10-01 08:30,ECONOMICA,AVION,1 escala (CBB) - 11:45,True,1,1337.0,1337.0,1337.0
2026-09-28 00:04:26,VUELO,2026-09-30,TJA,Tarija,SRE,Sucre,BOLIVIANA DE AVIACION,OB,533 / 578,2026-09-30 20:45,2026-10-01 20:10,ECONOMICA,AVION,1 escala (CBB) - 23:25,True,1,1337.0,1337.0,1337.0
2026-09-28 00:04:26,VUELO,2026-09-30,TJA,Tarija,SRE,Sucre,BOLIVIANA DE AVIACION,OB,533 / 132 / 282,2026-09-30 20:45,2026-10-01 08:30,ECONOMICA,AVION,"2 escala (CBB, VVI) - 11:45",True,2,1512.0,1512.0,1512.0
2026-09-28 00:04:26,VUELO,2026-09-30,TJA,Tarija,SRE,Sucre,BOLIVIANA DE AVIACION,OB,533 / 630 / 282,2026-09-30 20:45,2026-10-01 08:30,ECONOMICA,AVION,"2 escala (CBB, VVI) - 11:45",True,2,1512.0,1512.0,1512.0
2026-09-28 00:04:26,VUELO,2026-09-30,VVI,Santa Cruz,CBB,Cochabamba,BOLIVIANA DE AVIACION,OB,631,2026-09-30 05:35,2026-09-30 06:20,ECONOMICA,AVION,Directo (00:45),False,0,713.0,713.0,713.0
2026-09-28 00:04:26,VUELO,2026-09-30,VVI,Santa Cruz,SRE,Sucre,BOLIVIANA DE AVIACION,OB,631 / 572,2026-09-30 05:35,2026-09-30 08:30,ECONOMICA,AVION,1 escala (CBB) - 02:55,True,1,713.0,713.0,713.0
2026-09-28 00:04:26,VUELO,2026-09-30,VVI,Santa Cruz,TDD,Trinidad,BOLIVIANA DE AVIACION,OB,631 / 446,2026-09-30 05:35,2026-09-30 14:25,ECONOMICA,AVION,1 escala (CBB) - 08:50,True,1,1309.0,1309.0,1309.0
2026-09-28 00:04:26,VUELO,2026-09-30,VVI,Santa Cruz,ORU,Oruro,BOLIVIANA DE AVIACION,OB,631 / 324,2026-09-30 05:35,2026-09-30 14:25,ECONOMICA,AVION,1 escala (CBB) - 08:50,True,1,1089.0,1089.0,1089.0
2026-09-28 00:04:26,VUELO,2026-09-30,VVI,SANTA CRUZ,LPB,LA PAZ,TAMep,2E,8723,2026-09-30 07:30,2026-09-30 08:40,ECONOMICA,AVION,Directo (01:10),False,0,1063.0,1063.0,1063.0
2026-09-28 00:04:26,VUELO,2026-09-30,VVI,SANTA CRUZ,CBB,COCHABAMBA,TAMep,2E,8706,2026-09-30 15:40,2026-09-30 16:30,ECONOMICA,AVION,Directo (00:50),False,0,503.0,503.0,503.0
2026-09-28 00:04:26,VUELO,2026-09-30,VVI,SANTA CRUZ,CBB,COCHABAMBA,TAMep,2E,8735,2026-09-30 18:20,2026-09-30 19:10,ECONOMICA,AVION,Directo (00:50),False,0,469.0,469.0,469.0
2026-09-28 00:04:26,VUELO,2026-09-30,VVI,Santa Cruz,LPB,La Paz,BOLIVIANA DE AVIACION,OB,983,2026-09-30 21:10,2026-09-30 22:15,ECONOMICA,AVION,Directo (01:05),False,0,1067.0,1067.0,1067.0
2026-09-28 00:04:26,VUELO,2026-09-30,VVI,Santa Cruz,LPB,La Paz,BOLIVIANA DE AVIACION,OB,685,2026-09-30 21:50,2026-09-30 22:55,ECONOMICA,AVION,Directo (01:05),False,0,1067.0,1067.0,1067.0
2026-09-28 00:04:26,VUELO,2026-09-30,VVI,Santa Cruz,CBB,Cochabamba,BOLIVIANA DE AVIACION,OB,659,2026-09-30 23:55,2026-10-01 00:40,ECONOMICA,AVION,Directo (00:45),False,0,713.0,713.0,713.0
2026-09-28 00:04:26,VUELO,2026-09-30,VVI,Santa Cruz,TJA,Tarija,BOLIVIANA DE AVIACION,OB,659 / 524,2026-09-30 23:55,2026-10-01 08:25,ECONOMICA,AVION,1 escala (CBB) - 08:30,True,1,1589.0,1589.0,1589.0
