fecha_consulta,AEROPUERTO,TIPO_OPERACION,FECHA_HORA_FORMAT,FECHA,FECHA_HORA,NRO_VUELO,NOMBRE_AEROLINEA,ID_EMPRESA,RUTA0,HORA_ESTIMADA,HORA_REAL,NRO_PUERTA,OBSERVACION,OBSERVACION_INGLES,COD_COMENTARIO,IDDW_ITINERARIO,ID_ITINERARIO,CORRELATIVO
2026-10-03 11:50:14,Trinidad,S,2026-10-03 10:55:00,2026-10-03 00:00:00.000,2026-10-03 10:55:00.000,1666,AAA,AAAA,000,10:55,,N3,,,19,1076504531,10765045,16
2026-10-03 11:50:14,Viru Viru,L,2026-10-03 11:27:00,2026-10-03 00:00:00.000,2026-10-03 11:27:00.000,640,BOLIVIANA DE AVIACION,B50015,COCHABAMBA,11:25,11:27,C1,EN TIERRA,ARRIVED,73,95028519,950285,114
2026-10-03 11:50:14,Trinidad,S,2026-10-03 11:35:00,2026-10-03 00:00:00.000,2026-10-03 11:35:00.000,3231,AAA,AAAA,000,11:35,,N3,,,19,1076504631,10765046,17
2026-10-03 11:50:14,Viru Viru,L,2026-10-03 11:50:00,2026-10-03 00:00:00.000,2026-10-03 11:50:00.000,668,BOLIVIANA DE AVIACION,B50015,LA PAZ,11:55,11:50,,CONFIRMADO,CONFIRMED,82,95027119,950271,117
2026-10-03 11:50:14,Viru Viru,S,2026-10-03 12:00:00,2026-10-03 00:00:00.000,2026-10-03 12:00:00.000,1100,SOLOJET,SOLOJE,SAO PAULO,12:00,,8,PRE-EMBARQUE,PRE-BOARDING,72,95033519,950335,118
2026-10-03 11:50:14,Viru Viru,S,2026-10-03 12:05:00,2026-10-03 00:00:00.000,2026-10-03 12:05:00.000,643,BOLIVIANA DE AVIACION,B50015,COCHABAMBA,12:05,,4,PRE-EMBARQUE,PRE-BOARDING,72,95031319,950313,119
2026-10-03 11:50:14,El Alto,L,2026-10-03 12:10:00,2026-10-03 00:00:00.000,2026-10-03 12:10:00.000,401,BOLIVIANA DE AVIACION,B50015,COBIJA,11:10,12:10,2,NUEVA HORA,NEW TIME,18,407464420,4074644,73
2026-10-03 11:50:14,El Alto,S,2026-10-03 12:15:00,2026-10-03 00:00:00.000,2026-10-03 12:15:00.000,613,BOLIVIANA DE AVIACION,B50015,COCHABAMBA - ORURO - TRINIDAD - TARIJA - SUCRE,12:15,,N5,PRE-EMBARQUE,PRE-BOARDING,2,407466120,4074661,74
2026-10-03 11:50:14,Viru Viru,S,2026-10-03 12:15:00,2026-10-03 00:00:00.000,2026-10-03 12:15:00.000,026,AIR EUROPA,AE0005,MADRID,12:15,,7,ABORDANDO,BOARDING,6,95031719,950317,120
2026-10-03 11:50:14,El Alto,S,2026-10-03 12:30:00,2026-10-03 00:00:00.000,2026-10-03 12:30:00.000,705,TAM EP,T1U018,SANTA CRUZ,12:30,,N3,PRE-EMBARQUE,PRE-BOARDING,2,407463720,4074637,75
2026-10-03 11:50:14,Viru Viru,L,2026-10-03 12:30:00,2026-10-03 00:00:00.000,2026-10-03 12:30:00.000,1640,BOLIVIANA DE AVIACION,B50015,COCHABAMBA,12:30,,,EN HORARIO,ON TIME,8,95027519,950275,122
2026-10-03 11:50:14,Viru Viru,S,2026-10-03 12:30:00,2026-10-03 00:00:00.000,2026-10-03 12:30:00.000,280,BOLIVIANA DE AVIACION,B50015,SUCRE,12:30,,1A,EN HORARIO,ON TIME,35,95031419,950314,121
2026-10-03 11:50:14,El Alto,S,2026-10-03 12:40:00,2026-10-03 00:00:00.000,2026-10-03 12:40:00.000,672,BOLIVIANA DE AVIACION,B50015,MADRID - SANTA CRUZ,12:00,12:40,R18,PRE-EMBARQUE,PRE-BOARDING,2,407466020,4074660,76
2026-10-03 11:50:14,Jorge Wilstermann,L,2026-10-03 12:50:00,2026-10-03 00:00:00.000,2026-10-03 12:50:00.000,643,BOLIVIANA DE AVIACION,B50015,SANTIAGO DE CHILE - SANTA CRUZ,12:50,,,,,77,51956918,519569,70
2026-10-03 11:50:14,Jorge Wilstermann,L,2026-10-03 13:00:00,2026-10-03 00:00:00.000,2026-10-03 13:00:00.000,613,BOLIVIANA DE AVIACION,B50015,LA PAZ,13:00,,,,,77,51957418,519574,71
2026-10-03 11:50:14,El Alto,S,2026-10-03 13:15:00,2026-10-03 00:00:00.000,2026-10-03 13:15:00.000,LVCCO,AAA,AAAA,SANTA CRUZ,13:15,,N4,PRE-EMBARQUE,PRE-BOARDING,2,407467120,4074671,77
2026-10-03 11:50:14,Sucre,L,2026-10-03 13:15:00,2026-10-03 00:00:00.000,2026-10-03 13:15:00.000,280,BOLIVIANA DE AVIACION,B50015,SANTA CRUZ,13:15,,1,NUEVA HORA,NEW TIME,18,50196122,501961,15
2026-10-03 11:50:14,Jorge Wilstermann,S,2026-10-03 13:30:00,2026-10-03 00:00:00.000,2026-10-03 13:30:00.000,446,BOLIVIANA DE AVIACION,B50015,TRINIDAD,13:30,,,,,76,51958718,519587,72
2026-10-03 11:50:14,Oruro,L,2026-10-03 13:30:00,2026-10-03 00:00:00.000,2026-10-03 13:30:00.000,324,BOLIVIANA DE AVIACION,B50015,COCHABAMBA,13:30,,3,EN HORARIO,ON TIME,8,541326929,5413269,3
2026-10-03 11:50:14,Viru Viru,L,2026-10-03 13:40:00,2026-10-03 00:00:00.000,2026-10-03 13:40:00.000,672,BOLIVIANA DE AVIACION,B50015,LA PAZ,13:05,13:40,,NUEVA HORA,NEW TIME,18,95029119,950291,124
2026-10-03 11:50:14,Viru Viru,L,2026-10-03 13:40:00,2026-10-03 00:00:00.000,2026-10-03 13:40:00.000,705,TAM EP,T2B804,LA PAZ,13:40,,,EN HORARIO,ON TIME,8,95029819,950298,123
2026-10-03 11:50:14,Viru Viru,S,2026-10-03 13:40:00,2026-10-03 00:00:00.000,2026-10-03 13:40:00.000,734,BOLIVIANA DE AVIACION,B50015,SAO PAULO,13:40,,5A,PRE-EMBARQUE,PRE-BOARDING,72,95030919,950309,125
2026-10-03 11:50:14,Sucre,S,2026-10-03 13:45:00,2026-10-03 00:00:00.000,2026-10-03 13:45:00.000,281,BOLIVIANA DE AVIACION,B50015,SANTA CRUZ,13:45,,N3,NUEVA HORA,NEW TIME,75,50196422,501964,16
2026-10-03 11:50:14,Viru Viru,S,2026-10-03 13:45:00,2026-10-03 00:00:00.000,2026-10-03 13:45:00.000,673,BOLIVIANA DE AVIACION,B50015,LA PAZ,13:45,,4,EN HORARIO,ON TIME,35,95031019,950310,126
2026-10-03 11:50:14,Jorge Wilstermann,S,2026-10-03 13:50:00,2026-10-03 00:00:00.000,2026-10-03 13:50:00.000,324,BOLIVIANA DE AVIACION,B50015,ORURO,13:50,,,,,76,51959518,519595,73
2026-10-03 11:50:14,Trinidad,L,2026-10-03 14:25:00,2026-10-03 00:00:00.000,2026-10-03 14:25:00.000,446,BOLIVIANA DE AVIACION,B50015,COCHABAMBA,14:25,,1,EN HORARIO,ON TIME,8,1076503931,10765039,18
2026-10-03 11:50:14,Viru Viru,L,2026-10-03 14:30:00,2026-10-03 00:00:00.000,2026-10-03 14:30:00.000,281,BOLIVIANA DE AVIACION,B50015,SUCRE,14:30,,,EN HORARIO,ON TIME,8,95027019,950270,127
2026-10-03 11:50:14,El Alto,L,2026-10-03 14:45:00,2026-10-03 00:00:00.000,2026-10-03 14:45:00.000,105,AEROVIAS DEL CONTINENTE AMERICANO,A50060,CUZCO,14:45,,1-C1,,,11,407462820,4074628,78
2026-10-03 11:50:14,El Alto,L,2026-10-03 14:50:00,2026-10-03 00:00:00.000,2026-10-03 14:50:00.000,673,BOLIVIANA DE AVIACION,B50015,SANTA CRUZ,14:50,,2,,,11,407464620,4074646,79
2026-10-03 11:50:14,Trinidad,S,2026-10-03 14:55:00,2026-10-03 00:00:00.000,2026-10-03 14:55:00.000,447,BOLIVIANA DE AVIACION,B50015,COCHABAMBA - LA PAZ - SUCRE - TARIJA - SANTA CRUZ,14:55,,N1,EN HORARIO,ON TIME,22,1076504031,10765040,19
2026-10-03 11:50:14,Oruro,S,2026-10-03 15:00:00,2026-10-03 00:00:00.000,2026-10-03 15:00:00.000,325,BOLIVIANA DE AVIACION,B50015,COCHABAMBA,15:00,,1,EN HORARIO,ON TIME,22,541327029,5413270,4
2026-10-03 11:50:14,Viru Viru,S,2026-10-03 15:25:00,2026-10-03 00:00:00.000,2026-10-03 15:25:00.000,792,BOLIVIANA DE AVIACION,B50015,ASUNCION,15:25,,5A,EN HORARIO,ON TIME,35,95031519,950315,128
2026-10-03 11:50:14,Jorge Wilstermann,L,2026-10-03 15:35:00,2026-10-03 00:00:00.000,2026-10-03 15:35:00.000,325,BOLIVIANA DE AVIACION,B50015,ORURO,15:35,,,,,77,51956818,519568,74
2026-10-03 11:50:14,El Alto,S,2026-10-03 15:40:00,2026-10-03 00:00:00.000,2026-10-03 15:40:00.000,680,BOLIVIANA DE AVIACION,B50015,SANTA CRUZ - LIMA - MADRID,15:40,,R18,,,19,407466220,4074662,80
2026-10-03 11:50:14,Viru Viru,S,2026-10-03 15:40:00,2026-10-03 00:00:00.000,2026-10-03 15:40:00.000,706,TAM EP,T2B804,COCHABAMBA,15:40,,1,EN HORARIO,ON TIME,35,95033319,950333,129
2026-10-03 11:50:14,Jorge Wilstermann,L,2026-10-03 15:45:00,2026-10-03 00:00:00.000,2026-10-03 15:45:00.000,447,BOLIVIANA DE AVIACION,B50015,TRINIDAD,15:45,,,,,77,51956118,519561,75
2026-10-03 11:50:14,El Alto,S,2026-10-03 15:50:00,2026-10-03 00:00:00.000,2026-10-03 15:50:00.000,104,AEROVIAS DEL CONTINENTE AMERICANO,A50060,CUZCO,15:50,,R19,,,19,407463120,4074631,81
2026-10-03 11:50:14,Jorge Wilstermann,L,2026-10-03 16:10:00,2026-10-03 00:00:00.000,2026-10-03 16:10:00.000,737,BOLIVIANA DE AVIACION,B50015,SAO PAULO,16:10,,,,,77,51957018,519570,76
2026-10-03 11:50:14,Jorge Wilstermann,S,2026-10-03 16:20:00,2026-10-03 00:00:00.000,2026-10-03 16:20:00.000,650,BOLIVIANA DE AVIACION,B50015,SANTA CRUZ - LIMA - MADRID,16:20,,,,,76,51959418,519594,77
2026-10-03 11:50:14,Jorge Wilstermann,S,2026-10-03 16:25:00,2026-10-03 00:00:00.000,2026-10-03 16:25:00.000,618,BOLIVIANA DE AVIACION,B50015,LA PAZ,16:25,,,,,76,51959318,519593,78
2026-10-03 11:50:14,Jorge Wilstermann,L,2026-10-03 16:30:00,2026-10-03 00:00:00.000,2026-10-03 16:30:00.000,706,TAMep,TAMep,SANTA CRUZ,16:30,,,,,77,51965418,519654,79
2026-10-03 11:50:14,Viru Viru,L,2026-10-03 16:45:00,2026-10-03 00:00:00.000,2026-10-03 16:45:00.000,680,BOLIVIANA DE AVIACION,B50015,LA PAZ,16:45,,,EN HORARIO,ON TIME,8,95029219,950292,130
2026-10-03 11:50:14,Viru Viru,L,2026-10-03 16:55:00,2026-10-03 00:00:00.000,2026-10-03 16:55:00.000,709,BOLIVIANA DE AVIACION,B50015,BUENOS AIRES,16:55,,,EN HORARIO,ON TIME,8,95029419,950294,131
2026-10-03 11:50:14,Jorge Wilstermann,S,2026-10-03 17:00:00,2026-10-03 00:00:00.000,2026-10-03 17:00:00.000,707,TAMep,TAMep,SANTA CRUZ,17:00,,,,,76,51965318,519653,80
2026-10-03 11:50:14,El Alto,L,2026-10-03 17:10:00,2026-10-03 00:00:00.000,2026-10-03 17:10:00.000,618,BOLIVIANA DE AVIACION,B50015,SUCRE - TRINIDAD - TARIJA - ORURO - COCHABAMBA,17:10,,2,,,11,407464720,4074647,82
2026-10-03 11:50:14,Viru Viru,L,2026-10-03 17:10:00,2026-10-03 00:00:00.000,2026-10-03 17:10:00.000,650,BOLIVIANA DE AVIACION,B50015,COCHABAMBA,17:10,,,EN HORARIO,ON TIME,8,95028619,950286,132
2026-10-03 11:50:14,Viru Viru,S,2026-10-03 17:25:00,2026-10-03 00:00:00.000,2026-10-03 17:25:00.000,677,BOLIVIANA DE AVIACION,B50015,LA PAZ,17:25,,4,EN HORARIO,ON TIME,35,95031119,950311,133
2026-10-03 11:50:14,Jorge Wilstermann,S,2026-10-03 17:40:00,2026-10-03 00:00:00.000,2026-10-03 17:40:00.000,620,BOLIVIANA DE AVIACION,B50015,LA PAZ,17:40,,,,,76,51958818,519588,81
2026-10-03 11:50:14,Viru Viru,S,2026-10-03 17:50:00,2026-10-03 00:00:00.000,2026-10-03 17:50:00.000,649,BOLIVIANA DE AVIACION,B50015,COCHABAMBA,17:50,,4,EN HORARIO,ON TIME,35,95032319,950323,134
2026-10-03 11:50:14,Viru Viru,L,2026-10-03 17:50:00,2026-10-03 00:00:00.000,2026-10-03 17:50:00.000,707,TAM EP,T2B804,COCHABAMBA,17:50,,,EN HORARIO,ON TIME,8,95030019,950300,135
2026-10-03 11:50:14,El Alto,S,2026-10-03 18:00:00,2026-10-03 00:00:00.000,2026-10-03 18:00:00.000,619,BOLIVIANA DE AVIACION,B50015,COCHABAMBA - TARIJA - SUCRE,18:00,,N5,,,19,407466320,4074663,83
2026-10-03 11:50:14,Viru Viru,S,2026-10-03 18:20:00,2026-10-03 00:00:00.000,2026-10-03 18:20:00.000,651,BOLIVIANA DE AVIACION,B50015,COCHABAMBA,18:20,,4A,EN HORARIO,ON TIME,35,95032419,950324,136
2026-10-03 11:50:14,El Alto,L,2026-10-03 18:25:00,2026-10-03 00:00:00.000,2026-10-03 18:25:00.000,620,BOLIVIANA DE AVIACION,B50015,SAO PAULO - TRINIDAD - TARIJA - ORURO - COCHABAMBA,18:25,,1-C2,,,11,407464820,4074648,84
2026-10-03 11:50:14,El Alto,L,2026-10-03 18:30:00,2026-10-03 00:00:00.000,2026-10-03 18:30:00.000,677,BOLIVIANA DE AVIACION,B50015,MIAMI - ASUNCION - SANTA CRUZ,18:30,,1-C2,,,11,407464920,4074649,85
2026-10-03 11:50:14,Viru Viru,L,2026-10-03 18:30:00,2026-10-03 00:00:00.000,2026-10-03 18:30:00.000,1729,BOLIVIANA DE AVIACION,B50015,IQUIQUE,18:30,,,EN HORARIO,ON TIME,8,95028019,950280,137
2026-10-03 11:50:14,Jorge Wilstermann,L,2026-10-03 18:35:00,2026-10-03 00:00:00.000,2026-10-03 18:35:00.000,649,BOLIVIANA DE AVIACION,B50015,MADRID - ASUNCION - SANTA CRUZ,18:35,,,,,77,51956718,519567,82
2026-10-03 11:50:14,Jorge Wilstermann,L,2026-10-03 18:45:00,2026-10-03 00:00:00.000,2026-10-03 18:45:00.000,619,BOLIVIANA DE AVIACION,B50015,LA PAZ,18:45,,,,,77,51956618,519566,83
2026-10-03 11:50:14,Viru Viru,S,2026-10-03 19:00:00,2026-10-03 00:00:00.000,2026-10-03 19:00:00.000,716,TAM EP,T2B804,LA PAZ,19:00,,1A,EN HORARIO,ON TIME,35,95030619,950306,138
2026-10-03 11:50:14,Jorge Wilstermann,L,2026-10-03 19:05:00,2026-10-03 00:00:00.000,2026-10-03 19:05:00.000,651,BOLIVIANA DE AVIACION,B50015,LIMA - BUENOS AIRES - ASUNCION - SANTA CRUZ,19:05,,,,,77,51957318,519573,84
2026-10-03 11:50:14,El Alto,S,2026-10-03 19:10:00,2026-10-03 00:00:00.000,2026-10-03 19:10:00.000,921,BOLIVIANA DE AVIACION,B50015,COCHABAMBA,19:10,,N5,,,19,407466420,4074664,86
2026-10-03 11:50:14,Jorge Wilstermann,S,2026-10-03 19:15:00,2026-10-03 00:00:00.000,2026-10-03 19:15:00.000,532,BOLIVIANA DE AVIACION,B50015,TARIJA,19:15,,,,,76,51959618,519596,85
2026-10-03 11:50:14,El Alto,S,2026-10-03 19:20:00,2026-10-03 00:00:00.000,2026-10-03 19:20:00.000,682,BOLIVIANA DE AVIACION,B50015,SANTA CRUZ,19:20,,N5,,,19,407466520,4074665,87
2026-10-03 11:50:14,Jorge Wilstermann,S,2026-10-03 19:30:00,2026-10-03 00:00:00.000,2026-10-03 19:30:00.000,578,BOLIVIANA DE AVIACION,B50015,SUCRE,19:30,,,,,76,51958118,519581,86
2026-10-03 11:50:14,Viru Viru,S,2026-10-03 19:30:00,2026-10-03 00:00:00.000,2026-10-03 19:30:00.000,776,BOLIVIANA DE AVIACION,B50015,MADRID,19:30,,7,EN HORARIO,ON TIME,35,95032919,950329,139
2026-10-03 11:50:14,Viru Viru,L,2026-10-03 19:30:00,2026-10-03 00:00:00.000,2026-10-03 19:30:00.000,793,BOLIVIANA DE AVIACION,B50015,ASUNCION,19:30,,,EN HORARIO,ON TIME,8,95027219,950272,140
2026-10-03 11:50:14,Jorge Wilstermann,S,2026-10-03 19:40:00,2026-10-03 00:00:00.000,2026-10-03 19:40:00.000,652,BOLIVIANA DE AVIACION,B50015,SANTA CRUZ,19:40,,,,,76,51959118,519591,87
2026-10-03 11:50:14,Jorge Wilstermann,L,2026-10-03 19:55:00,2026-10-03 00:00:00.000,2026-10-03 19:55:00.000,921,BOLIVIANA DE AVIACION,B50015,LA PAZ,19:55,,,,,77,51957518,519575,88
2026-10-03 11:50:14,El Alto,L,2026-10-03 20:10:00,2026-10-03 00:00:00.000,2026-10-03 20:10:00.000,716,TAM EP,T1U018,SANTA CRUZ,20:10,,2,,,11,407463520,4074635,88
2026-10-03 11:50:14,Sucre,L,2026-10-03 20:10:00,2026-10-03 00:00:00.000,2026-10-03 20:10:00.000,578,BOLIVIANA DE AVIACION,B50015,COCHABAMBA,20:10,,1,EN HORARIO,ON TIME,8,50196322,501963,17
2026-10-03 11:50:14,Tarija,L,2026-10-03 20:15:00,2026-10-03 00:00:00.000,2026-10-03 20:15:00.000,532,BOLIVIANA DE AVIACION,B50015,COCHABAMBA,20:15,,N1,EN HORARIO,ON TIME,8,465951022,4659510,12
2026-10-03 11:50:14,Viru Viru,L,2026-10-03 20:25:00,2026-10-03 00:00:00.000,2026-10-03 20:25:00.000,682,BOLIVIANA DE AVIACION,B50015,LA PAZ,20:25,,,EN HORARIO,ON TIME,8,95026719,950267,141
2026-10-03 11:50:14,Viru Viru,L,2026-10-03 20:25:00,2026-10-03 00:00:00.000,2026-10-03 20:25:00.000,739,BOLIVIANA DE AVIACION,B50015,SAO PAULO,20:25,,,EN HORARIO,ON TIME,8,95027419,950274,142
2026-10-03 11:50:14,Viru Viru,S,2026-10-03 20:30:00,2026-10-03 00:00:00.000,2026-10-03 20:30:00.000,1728,BOLIVIANA DE AVIACION,B50015,IQUIQUE,14:05,20:30,8,DEMORADO,DELAYED,54,95031619,950316,144
2026-10-03 11:50:14,Viru Viru,L,2026-10-03 20:30:00,2026-10-03 00:00:00.000,2026-10-03 20:30:00.000,652,BOLIVIANA DE AVIACION,B50015,COCHABAMBA,20:30,,,EN HORARIO,ON TIME,8,95028719,950287,143
2026-10-03 11:50:14,Jorge Wilstermann,S,2026-10-03 20:35:00,2026-10-03 00:00:00.000,2026-10-03 20:35:00.000,922,BOLIVIANA DE AVIACION,B50015,LA PAZ,20:35,,,,,76,51958418,519584,89
2026-10-03 11:50:14,Sucre,S,2026-10-03 20:45:00,2026-10-03 00:00:00.000,2026-10-03 20:45:00.000,579,BOLIVIANA DE AVIACION,B50015,COCHABAMBA,20:45,,N5,EN HORARIO,ON TIME,35,50196722,501967,18
2026-10-03 11:50:14,Tarija,S,2026-10-03 20:45:00,2026-10-03 00:00:00.000,2026-10-03 20:45:00.000,533,BOLIVIANA DE AVIACION,B50015,COCHABAMBA,20:45,,N3,EN HORARIO,ON TIME,22,394996322,3949963,13
2026-10-03 11:50:14,Viru Viru,S,2026-10-03 21:05:00,2026-10-03 00:00:00.000,2026-10-03 21:05:00.000,683,BOLIVIANA DE AVIACION,B50015,LA PAZ,21:05,,4,EN HORARIO,ON TIME,35,95030719,950307,145
2026-10-03 11:50:14,El Alto,L,2026-10-03 21:20:00,2026-10-03 00:00:00.000,2026-10-03 21:20:00.000,922,BOLIVIANA DE AVIACION,B50015,SAO PAULO - TRINIDAD - TARIJA - SANTA CRUZ - COCHABAMBA,21:20,,1-C2,,,11,407465020,4074650,89
2026-10-03 11:50:14,Viru Viru,S,2026-10-03 21:20:00,2026-10-03 00:00:00.000,2026-10-03 21:20:00.000,748,BOLIVIANA DE AVIACION,B50015,LIMA,21:20,,5A,EN HORARIO,ON TIME,35,95032819,950328,146
2026-10-03 11:50:14,Jorge Wilstermann,L,2026-10-03 21:25:00,2026-10-03 00:00:00.000,2026-10-03 21:25:00.000,579,BOLIVIANA DE AVIACION,B50015,SUCRE,21:25,,,,,77,51957618,519576,90
2026-10-03 11:50:14,Viru Viru,S,2026-10-03 21:25:00,2026-10-03 00:00:00.000,2026-10-03 21:25:00.000,1649,BOLIVIANA DE AVIACION,B50015,COCHABAMBA,21:25,,4,EN HORARIO,ON TIME,35,95030519,950305,147
2026-10-03 11:50:14,Jorge Wilstermann,L,2026-10-03 21:45:00,2026-10-03 00:00:00.000,2026-10-03 21:45:00.000,533,BOLIVIANA DE AVIACION,B50015,TARIJA,21:45,,,,,77,51956218,519562,91
2026-10-03 11:50:14,Viru Viru,S,2026-10-03 21:50:00,2026-10-03 00:00:00.000,2026-10-03 21:50:00.000,685,BOLIVIANA DE AVIACION,B50015,LA PAZ,21:50,,4A,EN HORARIO,ON TIME,35,95030219,950302,148
2026-10-03 11:50:14,El Alto,S,2026-10-03 22:05:00,2026-10-03 00:00:00.000,2026-10-03 22:05:00.000,625,BOLIVIANA DE AVIACION,B50015,COCHABAMBA,22:05,,N5,,,19,407466620,4074666,90
2026-10-03 11:50:14,El Alto,L,2026-10-03 22:10:00,2026-10-03 00:00:00.000,2026-10-03 22:10:00.000,683,BOLIVIANA DE AVIACION,B50015,IQUIQUE - BUENOS AIRES - SANTA CRUZ,22:10,,1-C2,,,11,407465120,4074651,91
2026-10-03 11:50:14,Jorge Wilstermann,S,2026-10-03 22:20:00,2026-10-03 00:00:00.000,2026-10-03 22:20:00.000,624,BOLIVIANA DE AVIACION,B50015,LA PAZ,22:20,,,,,76,51958518,519585,92
2026-10-03 11:50:14,Jorge Wilstermann,S,2026-10-03 22:25:00,2026-10-03 00:00:00.000,2026-10-03 22:25:00.000,656,BOLIVIANA DE AVIACION,B50015,SANTA CRUZ,22:25,,,,,76,51958618,519586,93
2026-10-03 11:50:14,Viru Viru,L,2026-10-03 22:44:00,2026-10-03 00:00:00.000,2026-10-03 22:44:00.000,127,COPA AIRLINES,C1U036,PANAMA  -  TOCUMEN,22:44,,,EN HORARIO,ON TIME,8,95027619,950276,149
2026-10-03 11:50:14,Jorge Wilstermann,L,2026-10-03 22:50:00,2026-10-03 00:00:00.000,2026-10-03 22:50:00.000,625,BOLIVIANA DE AVIACION,B50015,LA PAZ,22:50,,,,,77,51956518,519565,94
2026-10-03 11:50:14,El Alto,L,2026-10-03 22:55:00,2026-10-03 00:00:00.000,2026-10-03 22:55:00.000,685,BOLIVIANA DE AVIACION,B50015,SAO PAULO - SANTA CRUZ,22:55,,1-C2,,,11,407465220,4074652,92
2026-10-03 11:50:14,El Alto,S,2026-10-03 23:00:00,2026-10-03 00:00:00.000,2026-10-03 23:00:00.000,688,BOLIVIANA DE AVIACION,B50015,SANTA CRUZ,23:00,,N5,,,19,407466720,4074667,93
2026-10-03 11:50:14,El Alto,L,2026-10-03 23:05:00,2026-10-03 00:00:00.000,2026-10-03 23:05:00.000,624,BOLIVIANA DE AVIACION,B50015,SUCRE - TARIJA - COCHABAMBA,23:05,,2,,,11,407465320,4074653,94
2026-10-03 11:50:14,Viru Viru,L,2026-10-03 23:15:00,2026-10-03 00:00:00.000,2026-10-03 23:15:00.000,656,BOLIVIANA DE AVIACION,B50015,COCHABAMBA,23:15,,,EN HORARIO,ON TIME,8,95028819,950288,150
2026-10-03 11:50:14,Jorge Wilstermann,S,2026-10-03 23:30:00,2026-10-03 00:00:00.000,2026-10-03 23:30:00.000,626,BOLIVIANA DE AVIACION,B50015,LA PAZ,23:30,,,,,76,51959718,519597,95
2026-10-03 11:50:14,El Alto,S,2026-10-03 23:45:00,2026-10-03 00:00:00.000,2026-10-03 23:45:00.000,988,BOLIVIANA DE AVIACION,B50015,SANTA CRUZ,23:45,,N5,,,19,407466820,4074668,95
2026-10-03 11:50:14,El Alto,S,2026-10-03 23:50:00,2026-10-03 00:00:00.000,2026-10-03 23:50:00.000,629,BOLIVIANA DE AVIACION,B50015,COCHABAMBA,23:50,,N5,,,19,407466920,4074669,96
2026-10-03 11:50:14,Viru Viru,S,2026-10-03 23:55:00,2026-10-03 00:00:00.000,2026-10-03 23:55:00.000,659,BOLIVIANA DE AVIACION,B50015,COCHABAMBA,23:55,,4,EN HORARIO,ON TIME,35,95032519,950325,151
